[
	{
		"name": "Tutorial",
		"maps": [
			{
				"name": "Free Way",
				"highscore": 30,
				"currentscore": 0,
				"unlocked": true,
				"data":
				[
					[1,  1,  1,  1,  1,  1,  1,  1,  1,  1,  1,  1,  1,  1,  1,  1,  1,  1,  1,  1], 
					[1,  0,  0,  0,  0,  0,  0,  0,  0,  0,  0,  0,  0,  0,  0,  0,  0,  0,  0,  1], 
					[1,  0,  0,  4,  0,  0,  0,  0,  0,  0,  0,  0,  0,  0,  0,  0,  0,  0,  0,  1], 
					[1,  0,  5,  0,  0,  0,  0,  0,  0,  0,  0,  0,  0,  0,  0,  0,  0,  0,  0,  1], 
					[1,  0,  0,  0,  0,  0,  0,  0,  0,  0,  0,  0,  0,  0,  0,  0,  0,  0,  0,  1], 
					[1,  0,  0,  0,  0,  3,  0,  0,  0,  0,  0,  0,  0,  0,  0,  0,  0,  0,  0,  1], 
					[1,  0,  0,  0,  0,  0,  0,  0,  0,  0,  0,  0,  0,  0,  0,  0,  0,  0,  0,  1], 
					[1,  0,  0,  0,  0,  0,  0,  0,  0,  0,  0,  0,  0,  0,  0,  0,  0,  0,  0,  1], 
					[1,  0,  0,  0,  0,  0,  0,  0,  0,  0,  0,  0,  0,  0,  0,  0,  0,  0,  0,  1], 
					[1,  0,  0,  0,  0,  0,  0,  0,  0,  0,  0,  0,  0,  0,  0,  0,  0,  0,  0,  1], 
					[1,  0,  0,  0,  0,  0,  0,  0,  0,  0,  0,  0,  0,  0,  0,  0,  0,  0,  0,  1], 
					[1,  0,  0,  0,  0,  0,  0,  0,  0,  0,  0,  0,  0,  0,  0,  0,  0,  0,  0,  1], 
					[1,  0,  0,  0,  0,  0,  0,  0,  0,  0,  0,  0,  0,  0,  0,  0,  0,  0,  0,  1], 
					[1,  0,  0,  0,  0,  0,  0,  0,  0,  0,  0,  0,  0,  0,  0,  0,  0,  0,  0,  1], 
					[1,  0,  0,  0,  0,  0,  0,  0,  0,  0,  0,  0,  0,  0,  0,  0,  0,  0,  0,  1], 
					[1,  0,  0,  0,  0,  0,  0,  0,  0,  0,  0,  0,  0,  0,  0,  0,  0,  0,  0,  1], 
					[1,  0,  0,  0,  0,  0,  0,  0,  0,  0,  0,  0,  0,  0,  0,  0,  0,  0,  0,  1], 
					[1,  0,  0,  0,  0,  0,  0,  0,  0,  0,  0,  0,  0,  0,  0,  0,  0,  2,  0,  1], 
					[1,  0,  0,  0,  0,  0,  0,  0,  0,  0,  0,  0,  0,  0,  0,  0,  0,  0,  0,  1], 
					[1,  1,  1,  1,  1,  1,  1,  1,  1,  1,  1,  1,  1,  1,  1,  1,  1,  1,  1,  1]
				]
			},
			{
				"name": "First Walls",
				"highscore": 39,
				"currentscore": 0,
				"unlocked": false,
				"data":
				[
					[1,  1,  1,  1,  1,  1,  1,  1,  1,  1,  1,  1,  1,  1,  1,  1,  1,  1,  1,  1], 
					[1,  0,  0,  0,  0,  0,  0,  0,  0,  0,  0,  0,  0,  0,  0,  0,  0,  0,  0,  1], 
					[1,  0,  4,  0,  0,  0,  0,  0,  0,  3,  0,  0,  0,  0,  0,  0,  5,  0,  0,  1], 
					[1,  0,  0,  1,  1,  1,  1,  1,  1,  1,  1,  1,  1,  1,  1,  1,  0,  0,  0,  1], 
					[1,  0,  0,  0,  0,  0,  0,  0,  0,  0,  0,  0,  0,  0,  0,  0,  0,  0,  0,  1], 
					[1,  0,  0,  0,  0,  0,  0,  0,  0,  0,  0,  0,  0,  0,  0,  0,  0,  0,  0,  1], 
					[1,  0,  0,  0,  0,  0,  0,  0,  0,  0,  0,  0,  0,  0,  0,  0,  0,  0,  0,  1], 
					[1,  0,  0,  0,  0,  0,  0,  0,  0,  0,  0,  0,  0,  0,  0,  0,  0,  0,  0,  1], 
					[1,  0,  0,  1,  1,  1,  1,  1,  1,  1,  1,  1,  1,  1,  1,  1,  0,  0,  0,  1], 
					[1,  0,  0,  0,  0,  0,  0,  0,  0,  0,  0,  0,  0,  0,  0,  0,  0,  0,  0,  1], 
					[1,  0,  0,  0,  0,  0,  0,  0,  0,  0,  0,  0,  0,  0,  0,  0,  0,  0,  0,  1], 
					[1,  0,  0,  0,  0,  0,  0,  0,  0,  0,  0,  0,  0,  0,  0,  0,  0,  0,  0,  1], 
					[1,  0,  0,  0,  0,  0,  0,  0,  0,  0,  0,  0,  0,  0,  0,  0,  0,  0,  0,  1], 
					[1,  0,  0,  1,  1,  1,  1,  1,  1,  1,  1,  1,  1,  1,  1,  1,  0,  0,  0,  1], 
					[1,  0,  0,  0,  0,  0,  0,  0,  0,  0,  0,  0,  0,  0,  0,  0,  0,  0,  0,  1], 
					[1,  0,  0,  0,  0,  0,  0,  0,  0,  0,  0,  0,  0,  0,  0,  0,  0,  0,  0,  1], 
					[1,  0,  0,  0,  0,  0,  0,  0,  0,  0,  0,  0,  0,  0,  0,  0,  0,  0,  0,  1], 
					[1,  0,  0,  1,  1,  1,  1,  1,  1,  1,  1,  1,  1,  1,  1,  1,  0,  0,  0,  1], 
					[1,  0,  0,  0,  0,  0,  0,  0,  0,  2,  0,  0,  0,  0,  0,  0,  0,  0,  0,  1], 
					[1,  1,  1,  1,  1,  1,  1,  1,  1,  1,  1,  1,  1,  1,  1,  1,  1,  1,  1,  1]
				]
			},
			{
				"name": "Only For You",
				"highscore": 38,
				"currentscore": 0,
				"unlocked": false,
				"data":
				[
					[1,  1,  1,  1,  1,  1,  1,  1,  1,  1,  1,  1,  1,  1,  1,  1,  1,  1,  1,  1], 
					[1,  0,  0,  0,  0,  0,  0,  0,  0,  0,  0,  0,  0,  0,  0,  0,  0,  0,  0,  1], 
					[1,  0,  0,  0,  0,  0,  0,  0,  0,  0,  0,  0,  0,  0,  0,  0,  0,  0,  0,  1], 
					[1,  0,  0,  0,  1,  1,  1,  1,  1,  1,  1,  1,  1,  1,  1,  1,  0,  0,  0,  1], 
					[1,  0,  0,  0,  0,  1,  0,  0,  0,  1,  1,  0,  0,  0,  1,  0,  0,  0,  0,  1], 
					[1,  0,  0,  0,  0,  7,  0,  0,  0,  1,  1,  0,  0,  0,  6,  0,  0,  0,  0,  1], 
					[1,  0,  0,  0,  0,  7,  0,  0,  1,  1,  1,  1,  0,  0,  6,  0,  0,  0,  0,  1], 
					[1,  0,  0,  0,  0,  1,  0,  0,  7,  0,  0,  6,  0,  0,  1,  0,  0,  0,  0,  1], 
					[1,  0,  0,  0,  0,  1,  0,  0,  7,  2,  0,  6,  0,  0,  1,  0,  0,  0,  0,  1], 
					[1,  0,  0,  5,  0,  1,  0,  0,  7,  0,  0,  6,  0,  0,  1,  0,  4,  0,  0,  1], 
					[1,  0,  0,  0,  0,  1,  0,  0,  7,  0,  3,  6,  0,  0,  1,  0,  0,  0,  0,  1], 
					[1,  0,  0,  0,  0,  1,  0,  0,  7,  0,  0,  6,  0,  0,  1,  0,  0,  0,  0,  1], 
					[1,  0,  0,  0,  0,  1,  0,  0,  1,  1,  1,  1,  0,  0,  1,  0,  0,  0,  0,  1], 
					[1,  0,  0,  0,  0,  6,  0,  0,  0,  1,  1,  0,  0,  0,  7,  0,  0,  0,  0,  1], 
					[1,  0,  0,  0,  0,  6,  0,  0,  0,  1,  1,  0,  0,  0,  7,  0,  0,  0,  0,  1], 
					[1,  0,  0,  0,  0,  1,  0,  0,  0,  1,  1,  0,  0,  0,  1,  0,  0,  0,  0,  1], 
					[1,  0,  0,  0,  1,  1,  1,  1,  1,  1,  1,  1,  1,  1,  1,  1,  0,  0,  0,  1], 
					[1,  0,  0,  0,  0,  0,  0,  0,  0,  0,  0,  0,  0,  0,  0,  0,  0,  0,  0,  1], 
					[1,  0,  0,  0,  0,  0,  0,  0,  0,  0,  0,  0,  0,  0,  0,  0,  0,  0,  0,  1], 
					[1,  1,  1,  1,  1,  1,  1,  1,  1,  1,  1,  1,  1,  1,  1,  1,  1,  1,  1,  1]
				]
			}
		]
	},

	{
		"name": "Easy",
		"maps": [
			{
				"name": "Small Cave",
				"highscore": 53,
				"currentscore": 0,
				"unlocked": true,
				"data":
				[
					[1,1,1,1,1,1,1,1,1,1,1,1,1,1,1,1,1,1,1,1], 
					[1,0,0,0,0,0,0,0,0,0,0,0,0,0,0,0,0,0,0,1], 
					[1,0,3,0,0,0,0,0,0,0,0,0,0,0,0,0,0,5,0,1], 
					[1,0,0,0,0,0,0,0,0,0,0,0,0,0,0,0,0,0,0,1], 
					[1,0,0,0,1,1,1,1,0,0,0,0,1,1,1,1,0,0,0,1], 
					[1,0,0,0,1,0,0,0,0,0,0,0,0,0,0,1,0,0,0,1], 
					[1,0,0,0,1,0,0,0,0,0,0,0,0,0,0,1,0,0,0,1], 
					[1,0,0,0,1,0,0,1,6,0,0,0,0,0,0,1,0,0,0,1], 
					[1,0,0,0,0,0,0,1,0,0,0,0,0,0,0,0,0,0,0,1], 
					[1,0,0,0,0,0,0,7,0,1,1,0,0,0,0,0,0,0,0,1], 
					[1,0,0,0,0,0,0,7,0,2,1,0,0,0,0,0,0,0,0,1], 
					[1,0,0,0,0,0,0,1,0,0,0,0,6,0,0,0,0,0,0,1], 
					[1,0,0,0,1,0,0,1,1,7,7,1,1,0,0,1,0,0,0,1], 
					[1,0,0,0,1,0,0,0,0,0,0,0,0,0,0,1,0,0,0,1], 
					[1,0,0,0,1,0,0,0,0,0,0,0,0,0,0,1,0,0,0,1], 
					[1,0,0,0,1,1,1,1,0,0,0,0,1,1,1,1,0,0,0,1], 
					[1,0,0,0,0,0,0,0,0,0,0,0,0,0,0,0,0,0,0,1], 
					[1,0,4,0,0,0,0,0,0,0,0,0,0,0,0,0,0,0,0,1], 
					[1,0,0,0,0,0,0,0,0,0,0,0,0,0,0,0,0,0,0,1], 
					[1,1,1,1,1,1,1,1,1,1,1,1,1,1,1,1,1,1,1,1]
				]
			},
			{
				"name": "Go and Push!",
				"highscore": 999,
				"currentscore": 0,
				"unlocked": false,
				"data":
				[
					[ 2,0, 0,  0,  0,  0,  0,  0,  0,  0,  0,  0,  0,  0,  0,  0,  0,  0,  0,  0 ], 
					[ 0,6, 1,  1,  6,  0,  0,  0,  6,  1,  1,  1,  6,  0,  0,  0,  0,  6,  1,  1 ], 
					[ 0,0, 0,  0,  0,  0,  6,  6,  0,  0,  0,  0,  0,  0,  6,  6,  0,  0,  0,  0 ], 
					[ 0,7, 0,  0,  0,  7,  0,  0,  0,  7,  0,  0,  0,  7,  0,  0,  0,  7,  0,  0 ], 
					[ 1,1, 0,  0,  1,  1,  0,  0,  1,  1,  0,  0,  1,  1,  0,  0,  1,  1,  0,  0 ], 
					[ 1,1, 0,  7,  1,  1,  0,  7,  1,  1,  0,  7,  1,  1,  0,  7,  1,  1,  0,  7 ], 
					[ 0,0, 0,  0,  0,  1,  0,  0,  0,  0,  0,  0,  0,  1,  0,  0,  0,  0,  0,  0 ], 
					[ 0,0, 6,  0,  0,  0,  6,  0,  0,  0,  6,  0,  0,  0,  6,  0,  0,  0,  6,  0 ], 
					[ 0,0, 1,  1,  0,  0,  1,  1,  0,  0,  1,  1,  0,  0,  1,  1,  0,  0,  1,  1 ], 
					[ 0,6, 1,  1,  0,  6,  1,  1,  0,  6,  1,  1,  0,  6,  1,  1,  0,  6,  1,  1 ], 
					[ 0,0, 0,  6,  0,  0,  0,  0,  0,  0,  0,  6,  0,  0,  0,  0,  0,  0,  0,  6 ], 
					[ 0,7, 0,  0,  0,  7,  0,  0,  0,  7,  0,  0,  0,  7,  0,  0,  0,  7,  0,  0 ], 
					[ 1,1, 0,  0,  1,  1,  0,  0,  1,  1,  0,  0,  1,  1,  0,  0,  1,  1,  0,  0 ], 
					[ 1,1, 0,  7,  1,  1,  0,  7,  1,  1,  0,  7,  1,  1,  0,  7,  1,  1,  0,  7 ], 
					[ 0,0, 0,  0,  0,  0,  0,  0,  0,  0,  0,  0,  0,  0,  0,  0,  0,  0,  0,  0 ], 
					[ 0,0, 6,  0,  0,  0,  6,  0,  0,  0,  6,  0,  0,  0,  6,  0,  0,  0,  6,  0 ], 
					[ 0,0, 1,  1,  0,  0,  1,  1,  0,  0,  1,  1,  0,  0,  1,  1,  0,  0,  1,  1 ], 
					[ 0,6, 1,  1,  0,  6,  1,  1,  0,  6,  1,  1,  0,  6,  1,  1,  0,  6,  1,  1 ], 
					[ 0,3, 0,  0,  0,  0,  0,  6,  0,  0,  0,  0,  0,  0,  0,  6,  0,  0,  0,  5 ], 
					[ 0,0, 0,  0,  0,  0,  0,  0,  0,  0,  0,  0,  0,  0,  0,  0,  0,  0,  0,  4]
				]
			},
			{
				"name": "Mirror",
				"highscore": 999,
				"currentscore": 0,
				"unlocked": false,
				"data":
				[
					[ 1,  1,  1,  1,  1,  1,  0,  0,  1,  0,  0,  0,  0,  0,  0,  0,  0,  0,  0,  1 ], 
					[ 1,  5,  0,  7,  6,  1,  0,  0,  1,  0,  0,  0,  0,  1,  0,  0,  0,  0,  0,  1 ], 
					[ 1,  0,  3,  0,  0,  7,  0,  0,  1,  1,  1,  0,  0,  1,  1,  1,  1,  1,  0,  1 ], 
					[ 1,  7,  0,  1,  0,  1,  0,  0,  0,  0,  0,  1,  1,  0,  0,  1,  0,  1,  0,  1 ], 
					[ 1,  6,  0,  0,  0,  0,  0,  0,  0,  0,  0,  0,  0,  0,  0,  0,  0,  0,  0,  1 ], 
					[ 1,  1,  7,  1,  0,  1,  0,  1,  1,  1,  1,  0,  0,  1,  0,  1,  0,  0,  0,  1 ], 
					[ 0,  0,  0,  0,  0,  0,  0,  0,  0,  0,  1,  0,  0,  1,  0,  1,  0,  6,  1,  1 ], 
					[ 0,  0,  0,  0,  0,  1,  0,  1,  0,  0,  1,  1,  7,  1,  1,  6,  0,  0,  0,  1 ], 
					[ 1,  1,  1,  0,  0,  1,  0,  0,  1,  0,  1,  0,  0,  0,  0,  0,  1,  0,  1,  1 ], 
					[ 0,  0,  1,  0,  0,  1,  0,  0,  0,  0,  0,  0,  0,  0,  0,  0,  0,  0,  0,  1 ], 
					[ 0,  0,  1,  0,  0,  1,  1,  1,  1,  0,  1,  0,  1,  6,  1,  1,  0,  1,  0,  1 ], 
					[ 0,  0,  0,  1,  0,  0,  0,  1,  0,  0,  0,  0,  0,  0,  1,  1,  0,  1,  0,  1 ], 
					[ 0,  0,  0,  1,  0,  0,  0,  7,  0,  0,  1,  0,  1,  0,  7,  1,  0,  7,  0,  1 ], 
					[ 0,  1,  1,  0,  0,  1,  1,  1,  0,  0,  6,  0,  0,  0,  0,  1,  1,  0,  0,  1 ], 
					[ 0,  0,  1,  0,  0,  0,  0,  1,  0,  0,  1,  1,  7,  0,  2,  0,  0,  0,  1,  1 ], 
					[ 0,  0,  1,  1,  0,  1,  1,  6,  0,  0,  1,  1,  1,  1,  0,  1,  0,  0,  0,  1 ], 
					[ 0,  0,  1,  0,  0,  0,  0,  0,  1,  0,  0,  0,  0,  1,  0,  0,  1,  0,  0,  1 ], 
					[ 0,  0,  1,  1,  0,  0,  6,  0,  0,  0,  1,  1,  7,  0,  0,  0,  0,  1,  0,  1 ], 
					[ 0,  0,  0,  0,  0,  0,  1,  0,  1,  0,  0,  0,  0,  0,  1,  0,  0,  0,  4,  1 ], 
					[ 1,  1,  1,  1,  1,  1,  1,  1,  1,  1,  1,  1,  1,  1,  1,  1,  1,  1,  1,  1 ]
				]
			},
			{
				"name": "Infiltrate",
				"highscore": 999,
				"currentscore": 0,
				"unlocked": false,
				"data":
				[
					[  6, 6,  1,  0,  0,  0,  0,  0,  0,  0,  0,  0,  0,  0,  0,  0,  0,  1,  6,  6  ], 
					[  6, 0,  0,  0,  0,  0,  0,  0,  0,  0,  0,  0,  0,  0,  0,  0,  0,  0,  0,  6  ], 
					[  1, 0,  1,  1,  1,  1,  1,  1,  1,  1,  1,  1,  1,  1,  1,  1,  1,  1,  0,  1  ], 
					[  0, 0,  1,  2,  0,  0,  0,  0,  0,  0,  0,  0,  0,  0,  0,  0,  0,  1,  0,  0  ], 
					[  0, 0,  1,  0,  0,  0,  0,  0,  0,  0,  0,  0,  0,  0,  0,  0,  0,  0,  0,  0  ], 
					[  0, 0,  1,  1,  1,  1,  1,  1,  1,  0,  0,  1,  1,  1,  1,  1,  1,  1,  0,  0  ], 
					[  0, 0,  0,  0,  0,  0,  0,  0,  6,  6,  6,  6,  0,  0,  0,  0,  0,  0,  7,  7  ], 
					[  0, 7,  1,  7,  0,  0,  0,  0,  0,  6,  6,  0,  0,  0,  0,  0,  7,  1,  7,  0  ], 
					[  0, 7,  0,  0,  0,  7,  7,  0,  0,  0,  7,  0,  0,  7,  7,  0,  0,  0,  0,  0  ], 
					[  1, 1,  1,  0,  0,  7,  0,  0,  0,  1,  1,  0,  0,  0,  7,  0,  0,  1,  1,  1  ], 
					[  6, 0,  0,  0,  7,  7,  0,  7,  1,  6,  6,  1,  0,  0,  7,  7,  0,  0,  0,  6  ], 
					[  1, 0,  1,  7,  0,  7,  0,  0,  1,  6,  6,  1,  7,  0,  7,  0,  7,  1,  0,  1  ], 
					[  0, 0,  0,  7,  0,  7,  0,  0,  0,  1,  1,  0,  0,  0,  7,  0,  7,  0,  0,  0  ], 
					[  0, 7,  0,  7,  0,  0,  0,  7,  0,  7,  0,  0,  7,  0,  0,  0,  7,  0,  7,  0  ], 
					[  0, 7,  0,  7,  7,  7,  7,  0,  0,  0,  0,  0,  0,  7,  7,  7,  7,  0,  7,  0  ], 
					[  0, 0,  0,  0,  0,  0,  0,  0,  6,  6,  6,  6,  0,  0,  0,  0,  0,  0,  0,  0  ], 
					[  6, 0,  6,  1,  1,  1,  1,  1,  0,  0,  3,  0,  1,  1,  1,  1,  1,  6,  0,  6  ], 
					[  0, 0,  0,  0,  0,  0,  0,  0,  0,  7,  7,  0,  0,  0,  0,  0,  0,  0,  0,  0  ], 
					[  0, 0,  0,  0,  0,  0,  0,  4,  7,  0,  0,  7,  5,  0,  0,  0,  0,  0,  0,  0  ], 
					[  0, 0,  0,  0,  0,  0,  0,  0,  0,  7,  7,  0,  0,  0,  0,  0,  0,  0,  0,  0  ]
				]
			}
		]
	},

	{
		"name": "Medium",
		"maps": [
			{
				"name": "Maze of X",
				"highscore": 190,
				"currentscore": 0,
				"unlocked": true,
				"data":
				[
					[2,0,0,0,0,0,0,0,0,0,0,0,0,0,0,0,0,0,0,0], 
					[1,1,1,1,1,1,1,1,1,1,0,0,0,0,1,1,0,0,1,1], 
					[1,4,0,0,0,0,0,0,1,0,0,0,0,0,0,1,0,0,0,1], 
					[1,7,1,1,1,1,1,0,1,0,0,1,1,0,0,1,0,0,0,1], 
					[1,0,1,0,0,0,1,0,1,0,0,1,1,0,0,1,0,0,1,1], 
					[1,0,1,0,1,0,1,0,1,0,0,1,1,0,0,1,0,0,0,1], 
					[1,0,1,0,3,0,1,0,1,0,0,0,0,0,0,1,0,0,0,1], 
					[1,0,1,0,1,1,1,0,1,0,0,0,0,0,0,1,0,0,1,1], 
					[1,0,6,0,0,0,0,0,1,0,0,0,0,0,0,0,0,0,0,0], 
					[1,0,1,0,1,1,1,0,1,1,1,1,1,1,0,1,0,1,1,1], 
					[1,0,1,0,0,0,1,0,1,0,0,0,0,0,0,0,0,0,0,0], 
					[1,0,1,0,1,0,1,0,1,0,0,0,0,0,6,1,7,0,0,0], 
					[1,0,1,0,0,0,1,0,1,1,1,0,1,0,0,1,0,0,1,0], 
					[1,6,1,7,1,1,1,0,1,0,1,0,1,0,0,0,0,0,1,0], 
					[1,0,0,0,0,0,0,5,0,0,1,0,0,0,0,1,0,0,0,0], 
					[1,1,1,1,1,1,1,6,1,0,1,1,0,1,0,1,0,1,0,1], 
					[1,0,0,0,0,1,0,0,0,0,0,0,0,0,0,0,0,0,0,0], 
					[1,0,1,1,0,1,1,1,1,0,1,1,7,1,1,0,1,1,6,1], 
					[1,0,0,0,0,0,0,0,0,0,0,0,0,0,0,0,0,0,0,0], 
					[1,1,1,1,1,1,1,1,1,0,1,0,1,0,1,0,1,0,1,0]
				]
			},
			{
				"name": "Mysterious",
				"highscore": 305,
				"currentscore": 0,
				"unlocked": false,
				"data":
				[
					[  1,  1,  1,  1,  1,  1,  1,  6,  6,  6,  1,  1,  1,  1,  1,  1,  1,  1,  1,  1  ], 
					[  1,  0,  0,  0,  0,  0,  0,  0,  0,  0,  1,  0,  0,  0,  2,  1,  4,  0,  0,  1  ], 
					[  1,  0,  1,  0,  1,  1,  1,  1,  0,  0,  0,  0,  0,  1,  1,  1,  0,  3,  0,  1  ], 
					[  1,  7,  1,  0,  1,  0,  0,  1,  1,  1,  1,  1,  7,  7,  0,  1,  1,  0,  0,  1  ], 
					[  1,  0,  1,  0,  1,  0,  0,  0,  0,  0,  0,  1,  1,  0,  0,  0,  1,  0,  0,  1  ], 
					[  1,  0,  0,  0,  1,  1,  0,  0,  0,  0,  0,  1,  1,  0,  1,  0,  1,  1,  0,  1  ], 
					[  1,  0,  0,  0,  0,  0,  0,  1,  1,  0,  1,  1,  1,  0,  1,  0,  0,  1,  0,  1  ], 
					[  1,  0,  1,  6,  1,  0,  0,  7,  0,  0,  0,  0,  6,  0,  1,  1,  0,  1,  0,  1  ], 
					[  1,  1,  1,  0,  1,  0,  0,  1,  0,  0,  1,  0,  1,  1,  1,  1,  6,  1,  0,  1  ], 
					[  0,  0,  0,  0,  1,  1,  1,  1,  0,  1,  1,  0,  0,  0,  0,  0,  0,  1,  0,  1  ], 
					[  6,  0,  1,  0,  1,  0,  0,  0,  0,  1,  1,  7,  1,  1,  0,  1,  6,  1,  0,  1  ], 
					[  6,  0,  7,  0,  0,  0,  0,  0,  0,  1,  1,  0,  1,  1,  0,  1,  0,  1,  0,  1  ], 
					[  1,  0,  1,  1,  1,  1,  1,  0,  0,  0,  0,  0,  0,  0,  0,  0,  0,  1,  0,  1  ], 
					[  1,  0,  0,  0,  0,  0,  1,  0,  0,  1,  0,  1,  0,  1,  0,  0,  0,  1,  0,  1  ], 
					[  1,  0,  1,  0,  1,  0,  1,  1,  1,  1,  1,  1,  1,  1,  1,  1,  1,  1,  0,  1  ], 
					[  1,  0,  7,  0,  1,  0,  1,  0,  0,  1,  0,  0,  0,  0,  0,  0,  0,  1,  0,  1  ], 
					[  1,  1,  1,  0,  1,  6,  1,  0,  0,  0,  0,  0,  1,  1,  1,  0,  0,  1,  0,  1  ], 
					[  1,  0,  0,  0,  0,  0,  0,  0,  0,  1,  0,  1,  1,  0,  0,  0,  0,  1,  0,  1  ], 
					[  1,  5,  1,  0,  1,  0,  1,  0,  0,  1,  0,  0,  0,  0,  0,  0,  0,  0,  0,  0  ], 
					[  1,  1,  1,  1,  1,  1,  1,  1,  1,  1,  0,  1,  1,  1,  1,  1,  1,  1,  1,  1 ]
				]
			},
			{
				"name": "Prisoner",
				"highscore": 999,
				"currentscore": 0,
				"unlocked": false,
				"data":
				[
					[  1,  1,  1,  1,  1,  1,  1,  1,  1,  1,  1,  1,  1,  1,  1,  1,  1,  6,  6,  6  ], 
					[  7,  0,  0,  0,  0,  0,  0,  0,  0,  0,  0,  0,  0,  0,  0,  0,  0,  0,  0,  1  ], 
					[  7,  0,  1,  1,  1,  1,  1,  1,  1,  1,  1,  1,  1,  1,  1,  1,  1,  1,  0,  1  ], 
					[  1,  0,  1,  0,  1,  1,  0,  0,  0,  0,  1,  0,  7,  7,  0,  1,  0,  1,  0,  1  ], 
					[  1,  0,  0,  0,  6,  1,  0,  1,  0,  0,  0,  0,  7,  1,  0,  0,  0,  1,  0,  1  ], 
					[  1,  7,  1,  0,  0,  0,  0,  0,  0,  0,  1,  0,  1,  1,  1,  7,  1,  1,  0,  1  ], 
					[  1,  1,  1,  0,  6,  1,  0,  0,  0,  1,  1,  0,  0,  0,  0,  7,  0,  1,  0,  1  ], 
					[  1,  1,  1,  1,  1,  1,  0,  1,  0,  0,  1,  0,  0,  0,  0,  1,  1,  1,  0,  1  ], 
					[  1,  1,  0,  0,  1,  1,  1,  1,  1,  1,  1,  0,  1,  0,  0,  0,  1,  1,  0,  1  ], 
					[  1,  1,  0,  0,  0,  0,  0,  0,  1,  4,  1,  0,  1,  1,  0,  0,  1,  1,  0,  1  ], 
					[  1,  1,  0,  0,  0,  0,  0,  0,  0,  3,  6,  0,  1,  0,  0,  0,  1,  1,  0,  1  ], 
					[  1,  1,  0,  0,  1,  1,  1,  1,  6,  6,  6,  1,  6,  0,  0,  1,  1,  1,  0,  1  ], 
					[  1,  1,  1,  0,  1,  0,  1,  1,  1,  1,  1,  1,  6,  0,  0,  0,  1,  1,  0,  1  ], 
					[  1,  0,  0,  0,  1,  0,  1,  0,  0,  0,  1,  7,  0,  0,  1,  0,  1,  1,  0,  1  ], 
					[  1,  1,  1,  0,  6,  0,  0,  0,  0,  0,  1,  7,  0,  0,  0,  0,  1,  1,  0,  1  ], 
					[  1,  0,  0,  0,  1,  0,  1,  0,  0,  0,  1,  1,  1,  0,  0,  1,  1,  1,  0,  1  ], 
					[  1,  1,  6,  0,  0,  0,  1,  0,  7,  0,  0,  0,  0,  0,  0,  0,  0,  1,  0,  1  ], 
					[  1,  1,  1,  1,  1,  7,  1,  1,  1,  1,  1,  1,  1,  1,  7,  1,  1,  1,  0,  6  ], 
					[  1,  5,  1,  1,  0,  0,  0,  0,  0,  0,  0,  0,  0,  0,  0,  0,  0,  0,  0,  6  ], 
					[  2,  0,  0,  0,  0,  0,  6,  1,  1,  1,  1,  1,  1,  1,  1,  1,  1,  1,  1,  1  ]
				]
			},
			{
				"name": "No Way",
				"highscore": 999,
				"currentscore": 0,
				"unlocked": false,
				"data":
				[
					[   1,  7,  7,  1,  1,  1,  1,  1,  1,  1,  1,  1,  1,  1,  1,  1,  1,  1,  6,  6  ], 
					[   1,  0,  0,  0,  0,  0,  0,  0,  0,  0,  0,  0,  0,  0,  0,  0,  0,  0,  0,  6  ], 
					[   1,  0,  1,  1,  1,  1,  7,  1,  1,  1,  6,  1,  1,  1,  1,  1,  1,  1,  0,  6  ], 
					[   1,  0,  6,  0,  0,  0,  0,  6,  0,  0,  0,  0,  1,  0,  0,  0,  0,  0,  0,  6  ], 
					[   1,  0,  1,  0,  1,  1,  0,  1,  0,  1,  0,  0,  1,  0,  0,  0,  0,  0,  0,  1  ], 
					[   1,  0,  1,  0,  1,  6,  0,  1,  0,  1,  0,  6,  7,  0,  0,  0,  0,  0,  0,  1  ], 
					[   1,  0,  1,  0,  1,  6,  0,  0,  0,  7,  0,  0,  1,  0,  0,  0,  1,  1,  0,  1  ], 
					[   1,  0,  1,  0,  1,  6,  6,  6,  6,  1,  1,  0,  1,  0,  1,  0,  1,  0,  0,  1  ], 
					[   1,  0,  1,  0,  1,  0,  0,  0,  0,  1,  2,  0,  6,  0,  0,  0,  1,  1,  1,  1  ], 
					[   1,  0,  1,  0,  1,  1,  1,  1,  1,  1,  0,  1,  6,  0,  0,  0,  0,  0,  7,  1  ], 
					[   1,  0,  1,  0,  1,  7,  7,  7,  0,  0,  0,  1,  1,  0,  1,  1,  1,  0,  7,  1  ], 
					[   1,  0,  6,  0,  0,  0,  0,  1,  0,  0,  6,  1,  1,  0,  0,  1,  0,  0,  7,  1  ], 
					[   1,  0,  1,  0,  1,  0,  0,  1,  0,  0,  0,  7,  1,  0,  0,  1,  0,  0,  1,  1  ], 
					[   1,  0,  1,  0,  1,  7,  0,  0,  0,  0,  0,  7,  1,  1,  0,  1,  0,  0,  1,  1  ], 
					[   0,  0,  0,  0,  1,  7,  1,  1,  1,  1,  7,  7,  1,  0,  0,  1,  0,  0,  1,  1  ], 
					[   1,  0,  1,  0,  1,  1,  1,  7,  5,  1,  1,  1,  7,  0,  0,  1,  1,  0,  6,  1  ], 
					[   1,  0,  1,  1,  1,  0,  0,  0,  0,  1,  0,  0,  6,  0,  0,  0,  0,  0,  7,  1  ], 
					[   1,  1,  1,  7,  0,  0,  0,  1,  0,  1,  1,  1,  1,  0,  1,  0,  1,  0,  1,  1  ], 
					[   1,  4,  3,  0,  0,  0,  7,  7,  0,  0,  0,  0,  0,  0,  0,  0,  0,  0,  1,  1  ], 
					[   1,  1,  1,  1,  6,  1,  1,  1,  1,  1,  1,  1,  1,  0,  1,  1,  1,  0,  1,  1  ]
				]
			}
		]
	},

	{
		"name": "Hard",
		"maps": [
			{
				"name": "Blocked",
				"highscore": 999,
				"currentscore": 0,
				"unlocked": true,
				"data":
				[
					[ 6,  6,  6,  7,  6,  7,  7,  6,  6,  7,  6,  6,  6,  7,  6,  7,  6,  7,  6,  4 ], 
					[ 7,  7,  6,  6,  6,  6,  7,  7,  6,  7,  6,  7,  6,  6,  6,  7,  6,  7,  7,  7 ], 
					[ 6,  7,  6,  7,  6,  6,  7,  7,  6,  7,  6,  6,  7,  6,  7,  7,  7,  7,  7,  6 ], 
					[ 6,  7,  7,  7,  7,  7,  7,  6,  6,  6,  7,  6,  7,  6,  6,  6,  6,  6,  7,  6 ], 
					[ 6,  6,  7,  7,  6,  6,  7,  7,  7,  6,  6,  6,  7,  7,  7,  7,  7,  7,  7,  7 ], 
					[ 6,  6,  6,  7,  7,  6,  6,  7,  6,  6,  7,  7,  7,  7,  7,  6,  6,  6,  6,  6 ], 
					[ 7,  7,  6,  7,  6,  6,  7,  7,  6,  6,  7,  6,  6,  6,  7,  7,  6,  6,  7,  6 ], 
					[ 7,  6,  6,  7,  7,  6,  6,  7,  6,  6,  7,  7,  7,  6,  7,  6,  6,  7,  7,  6 ], 
					[ 7,  0,  0,  0,  0,  7,  7,  7,  7,  6,  6,  6,  6,  6,  7,  6,  6,  6,  7,  6 ], 
					[ 6,  0,  7,  6,  0,  7,  0,  0,  0,  7,  6,  6,  7,  7,  7,  7,  7,  6,  7,  7 ], 
					[ 6,  0,  0,  7,  0,  0,  0,  7,  0,  0,  7,  6,  6,  6,  6,  7,  6,  6,  6,  6 ], 
					[ 7,  7,  0,  6,  7,  0,  7,  7,  7,  0,  6,  7,  7,  7,  7,  7,  6,  6,  7,  7 ], 
					[ 6,  7,  0,  6,  6,  6,  6,  6,  7,  0,  0,  0,  0,  0,  0,  7,  7,  6,  7,  6 ], 
					[ 6,  0,  0,  7,  7,  6,  5,  6,  6,  0,  0,  7,  7,  6,  0,  6,  7,  6,  6,  6 ], 
					[ 7,  0,  7,  7,  6,  6,  7,  6,  6,  7,  7,  6,  7,  7,  0,  6,  7,  7,  6,  7 ], 
					[ 7,  0,  6,  7,  6,  6,  7,  6,  6,  6,  3,  7,  6,  6,  0,  7,  7,  7,  6,  6 ], 
					[ 7,  0,  7,  7,  6,  7,  7,  7,  7,  7,  0,  7,  7,  6,  0,  0,  0,  7,  7,  6 ], 
					[ 7,  0,  6,  7,  6,  7,  6,  7,  6,  6,  0,  6,  7,  7,  7,  6,  0,  0,  6,  6 ], 
					[ 2,  0,  6,  7,  6,  7,  6,  7,  6,  0,  0,  0,  0,  0,  0,  0,  0,  0,  6,  6 ], 
					[ 7,  7,  7,  7,  6,  7,  6,  7,  7,  6,  6,  6,  7,  7,  7,  6,  6,  7,  6,  6 ]
				]
			},
			{
				"name": "Run Fast",
				"highscore": 999,
				"currentscore": 0,
				"unlocked": false,
				"data":
				[
					[  1,  7,  6,  1,  0,  1,  1,  1,  1,  1,  1,  1,  1,  1,  0,  1,  1,  6,  6,  6  ], 
					[   1,  7,  6,  0,  0,  0,  0,  0,  0,  0,  0,  0,  0,  1,  0,  0,  0,  0,  4,  6  ], 
					[   1,  7,  6,  1,  0,  1,  1,  1,  1,  1,  1,  0,  0,  1,  0,  0,  1,  1,  0,  1  ], 
					[   1,  7,  6,  1,  0,  1,  0,  0,  1,  0,  0,  0,  1,  7,  0,  0,  0,  1,  0,  1  ], 
					[   1,  7,  6,  1,  0,  1,  0,  0,  1,  0,  0,  0,  0,  0,  1,  0,  0,  1,  0,  1  ], 
					[   1,  0,  0,  1,  0,  1,  1,  1,  1,  0,  0,  1,  0,  0,  1,  0,  0,  1,  0,  1  ], 
					[   1,  1,  0,  1,  0,  1,  7,  7,  7,  7,  6,  1,  0,  1,  7,  0,  0,  1,  0,  1  ], 
					[   1,  0,  0,  0,  0,  7,  7,  6,  6,  6,  6,  1,  0,  0,  1,  0,  0,  1,  0,  1  ], 
					[   1,  7,  0,  1,  1,  1,  7,  6,  1,  1,  1,  1,  0,  1,  6,  0,  1,  1,  0,  1  ], 
					[   1,  7,  0,  7,  0,  0,  0,  0,  0,  0,  0,  0,  0,  0,  1,  0,  0,  1,  3,  1  ], 
					[   1,  0,  0,  6,  0,  0,  1,  1,  0,  0,  0,  1,  0,  1,  7,  0,  0,  1,  0,  1  ], 
					[   1,  2,  1,  1,  0,  1,  1,  1,  1,  0,  1,  1,  0,  1,  6,  0,  0,  1,  0,  1  ], 
					[   1,  1,  1,  0,  0,  0,  1,  1,  0,  0,  0,  1,  1,  1,  6,  1,  0,  1,  0,  1  ], 
					[   1,  0,  0,  1,  0,  0,  0,  1,  0,  0,  0,  1,  0,  0,  1,  0,  0,  6,  0,  1  ], 
					[   1,  0,  7,  7,  1,  0,  7,  7,  1,  0,  7,  7,  1,  0,  1,  0,  0,  0,  0,  1  ], 
					[   1,  0,  1,  0,  0,  0,  1,  0,  0,  0,  1,  0,  0,  1,  1,  1,  1,  0,  1,  1  ], 
					[   1,  6,  6,  1,  0,  6,  6,  1,  0,  6,  6,  1,  0,  0,  1,  0,  1,  0,  1,  1  ], 
					[   1,  0,  0,  0,  0,  0,  0,  0,  0,  0,  0,  0,  0,  0,  1,  0,  1,  0,  1,  1  ], 
					[   1,  0,  0,  0,  0,  0,  0,  0,  0,  0,  0,  0,  0,  0,  0,  0,  0,  0,  5,  1  ], 
					[   1,  1,  0,  1,  1,  1,  0,  1,  1,  1,  0,  1,  1,  1,  1,  1,  1,  1,  1,  1 ]
				]
			}
		]
	},

  {
	"name": "Custom",
	"maps": [ ]
  }
]
