[
	{
		"name": "Tutorial",
		"maps": [
			{
				"name": "Free Way",
				"highscore": 30,
				"currentscore": 0,
				"unlocked": true,
				"data": [[[0, 0, 0, 0, 0, 0, 0, 0, 0, 0, 0, 0, 0, 0, 0, 0, 0, 0, 0, 0], [0, 0, 0, 0, 0, 0, 0, 0, 0, 0, 0, 0, 0, 0, 0, 0, 0, 0, 0, 0], [0, 0, 0, 0, 0, 0, 0, 0, 0, 0, 0, 0, 0, 0, 0, 0, 0, 0, 0, 0], [0, 0, 0, 0, 0, 0, 0, 0, 0, 0, 0, 0, 0, 0, 0, 0, 0, 0, 0, 0], [0, 0, 0, 0, 0, 0, 0, 0, 0, 0, 0, 0, 0, 0, 0, 0, 0, 0, 0, 0], [0, 0, 0, 0, 0, 0, 0, 0, 0, 0, 0, 0, 0, 0, 0, 0, 0, 0, 0, 0], [0, 0, 0, 0, 0, 0, 0, 0, 0, 0, 0, 0, 0, 0, 0, 0, 0, 0, 0, 0], [0, 0, 0, 0, 0, 0, 0, 0, 0, 0, 0, 0, 0, 0, 0, 0, 0, 0, 0, 0], [0, 0, 0, 0, 0, 0, 0, 0, 0, 0, 0, 0, 0, 0, 0, 0, 0, 0, 0, 0], [0, 0, 0, 0, 0, 0, 0, 0, 0, 0, 0, 0, 0, 0, 0, 0, 0, 0, 0, 0], [0, 0, 0, 0, 0, 0, 0, 0, 0, 0, 0, 0, 0, 0, 0, 0, 0, 0, 0, 0], [0, 0, 0, 0, 0, 0, 0, 0, 0, 0, 0, 0, 0, 0, 0, 0, 0, 0, 0, 0], [0, 0, 0, 0, 0, 0, 0, 0, 0, 0, 0, 0, 0, 0, 0, 0, 0, 0, 0, 0], [0, 0, 0, 0, 0, 0, 0, 0, 0, 0, 0, 0, 0, 0, 0, 0, 0, 0, 0, 0], [0, 0, 0, 0, 0, 0, 0, 0, 0, 0, 0, 0, 0, 0, 0, 0, 0, 0, 0, 0], [0, 0, 0, 0, 0, 0, 0, 0, 0, 0, 0, 0, 0, 0, 0, 0, 0, 0, 0, 0], [0, 0, 0, 0, 0, 0, 0, 0, 0, 0, 0, 0, 0, 0, 0, 0, 0, 0, 0, 0], [0, 0, 0, 0, 0, 0, 0, 0, 0, 0, 0, 0, 0, 0, 0, 0, 0, 0, 0, 0], [0, 0, 0, 0, 0, 0, 0, 0, 0, 0, 0, 0, 0, 0, 0, 0, 0, 0, 0, 0], [0, 0, 0, 0, 0, 0, 0, 0, 0, 0, 0, 0, 0, 0, 0, 0, 0, 0, 0, 0]], [[1, 1, 1, 1, 1, 1, 1, 1, 1, 1, 1, 1, 1, 1, 1, 1, 1, 1, 1, 1], [1, 0, 0, 0, 0, 0, 0, 0, 0, 0, 0, 0, 0, 0, 0, 0, 0, 0, 0, 1], [1, 0, 0, 4, 0, 0, 0, 0, 0, 0, 0, 0, 0, 0, 0, 0, 0, 0, 0, 1], [1, 0, 5, 0, 0, 0, 0, 0, 0, 0, 0, 0, 0, 0, 0, 0, 0, 0, 0, 1], [1, 0, 0, 0, 0, 0, 0, 0, 0, 0, 0, 0, 0, 0, 0, 0, 0, 0, 0, 1], [1, 0, 0, 0, 0, 3, 0, 0, 0, 0, 0, 0, 0, 0, 0, 0, 0, 0, 0, 1], [1, 0, 0, 0, 0, 0, 0, 0, 0, 0, 0, 0, 0, 0, 0, 0, 0, 0, 0, 1], [1, 0, 0, 0, 0, 0, 0, 0, 0, 0, 0, 0, 0, 0, 0, 0, 0, 0, 0, 1], [1, 0, 0, 0, 0, 0, 0, 0, 0, 0, 0, 0, 0, 0, 0, 0, 0, 0, 0, 1], [1, 0, 0, 0, 0, 0, 0, 0, 0, 0, 0, 0, 0, 0, 0, 0, 0, 0, 0, 1], [1, 0, 0, 0, 0, 0, 0, 0, 0, 0, 0, 0, 0, 0, 0, 0, 0, 0, 0, 1], [1, 0, 0, 0, 0, 0, 0, 0, 0, 0, 0, 0, 0, 0, 0, 0, 0, 0, 0, 1], [1, 0, 0, 0, 0, 0, 0, 0, 0, 0, 0, 0, 0, 0, 0, 0, 0, 0, 0, 1], [1, 0, 0, 0, 0, 0, 0, 0, 0, 0, 0, 0, 0, 0, 0, 0, 0, 0, 0, 1], [1, 0, 0, 0, 0, 0, 0, 0, 0, 0, 0, 0, 0, 0, 0, 0, 0, 0, 0, 1], [1, 0, 0, 0, 0, 0, 0, 0, 0, 0, 0, 0, 0, 0, 0, 0, 0, 0, 0, 1], [1, 0, 0, 0, 0, 0, 0, 0, 0, 0, 0, 0, 0, 0, 0, 0, 0, 0, 0, 1], [1, 0, 0, 0, 0, 0, 0, 0, 0, 0, 0, 0, 0, 0, 0, 0, 0, 2, 0, 1], [1, 0, 0, 0, 0, 0, 0, 0, 0, 0, 0, 0, 0, 0, 0, 0, 0, 0, 0, 1], [1, 1, 1, 1, 1, 1, 1, 1, 1, 1, 1, 1, 1, 1, 1, 1, 1, 1, 1, 1]]]
			},
			{
				"name": "First Walls",
				"highscore": 39,
				"currentscore": 0,
				"unlocked": false,
				"data": [[[0, 0, 0, 0, 0, 0, 0, 0, 0, 0, 0, 0, 0, 0, 0, 0, 0, 0, 0, 0], [0, 0, 0, 0, 0, 0, 0, 0, 0, 0, 0, 0, 0, 0, 0, 0, 0, 0, 0, 0], [0, 0, 0, 0, 0, 0, 0, 0, 0, 0, 0, 0, 0, 0, 0, 0, 0, 0, 0, 0], [0, 0, 0, 0, 0, 0, 0, 0, 0, 0, 0, 0, 0, 0, 0, 0, 0, 0, 0, 0], [0, 0, 0, 0, 0, 0, 0, 0, 0, 0, 0, 0, 0, 0, 0, 0, 0, 0, 0, 0], [0, 0, 0, 0, 0, 0, 0, 0, 0, 0, 0, 0, 0, 0, 0, 0, 0, 0, 0, 0], [0, 0, 0, 0, 0, 0, 0, 0, 0, 0, 0, 0, 0, 0, 0, 0, 0, 0, 0, 0], [0, 0, 0, 0, 0, 0, 0, 0, 0, 0, 0, 0, 0, 0, 0, 0, 0, 0, 0, 0], [0, 0, 0, 0, 0, 0, 0, 0, 0, 0, 0, 0, 0, 0, 0, 0, 0, 0, 0, 0], [0, 0, 0, 0, 0, 0, 0, 0, 0, 0, 0, 0, 0, 0, 0, 0, 0, 0, 0, 0], [0, 0, 0, 0, 0, 0, 0, 0, 0, 0, 0, 0, 0, 0, 0, 0, 0, 0, 0, 0], [0, 0, 0, 0, 0, 0, 0, 0, 0, 0, 0, 0, 0, 0, 0, 0, 0, 0, 0, 0], [0, 0, 0, 0, 0, 0, 0, 0, 0, 0, 0, 0, 0, 0, 0, 0, 0, 0, 0, 0], [0, 0, 0, 0, 0, 0, 0, 0, 0, 0, 0, 0, 0, 0, 0, 0, 0, 0, 0, 0], [0, 0, 0, 0, 0, 0, 0, 0, 0, 0, 0, 0, 0, 0, 0, 0, 0, 0, 0, 0], [0, 0, 0, 0, 0, 0, 0, 0, 0, 0, 0, 0, 0, 0, 0, 0, 0, 0, 0, 0], [0, 0, 0, 0, 0, 0, 0, 0, 0, 0, 0, 0, 0, 0, 0, 0, 0, 0, 0, 0], [0, 0, 0, 0, 0, 0, 0, 0, 0, 0, 0, 0, 0, 0, 0, 0, 0, 0, 0, 0], [0, 0, 0, 0, 0, 0, 0, 0, 0, 0, 0, 0, 0, 0, 0, 0, 0, 0, 0, 0], [0, 0, 0, 0, 0, 0, 0, 0, 0, 0, 0, 0, 0, 0, 0, 0, 0, 0, 0, 0]], [[1, 1, 1, 1, 1, 1, 1, 1, 1, 1, 1, 1, 1, 1, 1, 1, 1, 1, 1, 1], [1, 0, 0, 0, 0, 0, 0, 0, 0, 0, 0, 0, 0, 0, 0, 0, 0, 0, 0, 1], [1, 0, 4, 0, 0, 0, 0, 0, 0, 3, 0, 0, 0, 0, 0, 0, 5, 0, 0, 1], [1, 0, 0, 1, 1, 1, 1, 1, 1, 1, 1, 1, 1, 1, 1, 1, 0, 0, 0, 1], [1, 0, 0, 0, 0, 0, 0, 0, 0, 0, 0, 0, 0, 0, 0, 0, 0, 0, 0, 1], [1, 0, 0, 0, 0, 0, 0, 0, 0, 0, 0, 0, 0, 0, 0, 0, 0, 0, 0, 1], [1, 0, 0, 0, 0, 0, 0, 0, 0, 0, 0, 0, 0, 0, 0, 0, 0, 0, 0, 1], [1, 0, 0, 0, 0, 0, 0, 0, 0, 0, 0, 0, 0, 0, 0, 0, 0, 0, 0, 1], [1, 0, 0, 1, 1, 1, 1, 1, 1, 1, 1, 1, 1, 1, 1, 1, 0, 0, 0, 1], [1, 0, 0, 0, 0, 0, 0, 0, 0, 0, 0, 0, 0, 0, 0, 0, 0, 0, 0, 1], [1, 0, 0, 0, 0, 0, 0, 0, 0, 0, 0, 0, 0, 0, 0, 0, 0, 0, 0, 1], [1, 0, 0, 0, 0, 0, 0, 0, 0, 0, 0, 0, 0, 0, 0, 0, 0, 0, 0, 1], [1, 0, 0, 0, 0, 0, 0, 0, 0, 0, 0, 0, 0, 0, 0, 0, 0, 0, 0, 1], [1, 0, 0, 1, 1, 1, 1, 1, 1, 1, 1, 1, 1, 1, 1, 1, 0, 0, 0, 1], [1, 0, 0, 0, 0, 0, 0, 0, 0, 0, 0, 0, 0, 0, 0, 0, 0, 0, 0, 1], [1, 0, 0, 0, 0, 0, 0, 0, 0, 0, 0, 0, 0, 0, 0, 0, 0, 0, 0, 1], [1, 0, 0, 0, 0, 0, 0, 0, 0, 0, 0, 0, 0, 0, 0, 0, 0, 0, 0, 1], [1, 0, 0, 1, 1, 1, 1, 1, 1, 1, 1, 1, 1, 1, 1, 1, 0, 0, 0, 1], [1, 0, 0, 0, 0, 0, 0, 0, 0, 2, 0, 0, 0, 0, 0, 0, 0, 0, 0, 1], [1, 1, 1, 1, 1, 1, 1, 1, 1, 1, 1, 1, 1, 1, 1, 1, 1, 1, 1, 1]]]
			},
			{
				"name": "Only For You",
				"highscore": 38,
				"currentscore": 0,
				"unlocked": false,
				"data": [[[0, 0, 0, 0, 0, 0, 0, 0, 0, 0, 0, 0, 0, 0, 0, 0, 0, 0, 0, 0], [0, 0, 0, 0, 0, 0, 0, 0, 0, 0, 0, 0, 0, 0, 0, 0, 0, 0, 0, 0], [0, 0, 0, 0, 0, 0, 0, 0, 0, 0, 0, 0, 0, 0, 0, 0, 0, 0, 0, 0], [0, 0, 0, 0, 0, 0, 0, 0, 0, 0, 0, 0, 0, 0, 0, 0, 0, 0, 0, 0], [0, 0, 0, 0, 0, 0, 0, 0, 0, 0, 0, 0, 0, 0, 0, 0, 0, 0, 0, 0], [0, 0, 0, 0, 0, 0, 0, 0, 0, 0, 0, 0, 0, 0, 0, 0, 0, 0, 0, 0], [0, 0, 0, 0, 0, 0, 0, 0, 0, 0, 0, 0, 0, 0, 0, 0, 0, 0, 0, 0], [0, 0, 0, 0, 0, 0, 0, 0, 0, 0, 0, 0, 0, 0, 0, 0, 0, 0, 0, 0], [0, 0, 0, 0, 0, 0, 0, 0, 0, 0, 0, 0, 0, 0, 0, 0, 0, 0, 0, 0], [0, 0, 0, 0, 0, 0, 0, 0, 0, 0, 0, 0, 0, 0, 0, 0, 0, 0, 0, 0], [0, 0, 0, 0, 0, 0, 0, 0, 0, 0, 0, 0, 0, 0, 0, 0, 0, 0, 0, 0], [0, 0, 0, 0, 0, 0, 0, 0, 0, 0, 0, 0, 0, 0, 0, 0, 0, 0, 0, 0], [0, 0, 0, 0, 0, 0, 0, 0, 0, 0, 0, 0, 0, 0, 0, 0, 0, 0, 0, 0], [0, 0, 0, 0, 0, 0, 0, 0, 0, 0, 0, 0, 0, 0, 0, 0, 0, 0, 0, 0], [0, 0, 0, 0, 0, 0, 0, 0, 0, 0, 0, 0, 0, 0, 0, 0, 0, 0, 0, 0], [0, 0, 0, 0, 0, 0, 0, 0, 0, 0, 0, 0, 0, 0, 0, 0, 0, 0, 0, 0], [0, 0, 0, 0, 0, 0, 0, 0, 0, 0, 0, 0, 0, 0, 0, 0, 0, 0, 0, 0], [0, 0, 0, 0, 0, 0, 0, 0, 0, 0, 0, 0, 0, 0, 0, 0, 0, 0, 0, 0], [0, 0, 0, 0, 0, 0, 0, 0, 0, 0, 0, 0, 0, 0, 0, 0, 0, 0, 0, 0], [0, 0, 0, 0, 0, 0, 0, 0, 0, 0, 0, 0, 0, 0, 0, 0, 0, 0, 0, 0]], [[1, 1, 1, 1, 1, 1, 1, 1, 1, 1, 1, 1, 1, 1, 1, 1, 1, 1, 1, 1], [1, 0, 0, 0, 0, 0, 0, 0, 0, 0, 0, 0, 0, 0, 0, 0, 0, 0, 0, 1], [1, 0, 0, 0, 0, 0, 0, 0, 0, 0, 0, 0, 0, 0, 0, 0, 0, 0, 0, 1], [1, 0, 0, 0, 1, 1, 1, 1, 1, 1, 1, 1, 1, 1, 1, 1, 0, 0, 0, 1], [1, 0, 0, 0, 0, 1, 0, 0, 0, 1, 1, 0, 0, 0, 1, 0, 0, 0, 0, 1], [1, 0, 0, 0, 0, 7, 0, 0, 0, 1, 1, 0, 0, 0, 6, 0, 0, 0, 0, 1], [1, 0, 0, 0, 0, 7, 0, 0, 1, 1, 1, 1, 0, 0, 6, 0, 0, 0, 0, 1], [1, 0, 0, 0, 0, 1, 0, 0, 7, 0, 0, 6, 0, 0, 1, 0, 0, 0, 0, 1], [1, 0, 0, 0, 0, 1, 0, 0, 7, 2, 0, 6, 0, 0, 1, 0, 0, 0, 0, 1], [1, 0, 0, 5, 0, 1, 0, 0, 7, 0, 0, 6, 0, 0, 1, 0, 4, 0, 0, 1], [1, 0, 0, 0, 0, 1, 0, 0, 7, 0, 3, 6, 0, 0, 1, 0, 0, 0, 0, 1], [1, 0, 0, 0, 0, 1, 0, 0, 7, 0, 0, 6, 0, 0, 1, 0, 0, 0, 0, 1], [1, 0, 0, 0, 0, 1, 0, 0, 1, 1, 1, 1, 0, 0, 1, 0, 0, 0, 0, 1], [1, 0, 0, 0, 0, 6, 0, 0, 0, 1, 1, 0, 0, 0, 7, 0, 0, 0, 0, 1], [1, 0, 0, 0, 0, 6, 0, 0, 0, 1, 1, 0, 0, 0, 7, 0, 0, 0, 0, 1], [1, 0, 0, 0, 0, 1, 0, 0, 0, 1, 1, 0, 0, 0, 1, 0, 0, 0, 0, 1], [1, 0, 0, 0, 1, 1, 1, 1, 1, 1, 1, 1, 1, 1, 1, 1, 0, 0, 0, 1], [1, 0, 0, 0, 0, 0, 0, 0, 0, 0, 0, 0, 0, 0, 0, 0, 0, 0, 0, 1], [1, 0, 0, 0, 0, 0, 0, 0, 0, 0, 0, 0, 0, 0, 0, 0, 0, 0, 0, 1], [1, 1, 1, 1, 1, 1, 1, 1, 1, 1, 1, 1, 1, 1, 1, 1, 1, 1, 1, 1]]]
			},
			{
				"name": "Crates and Holes",
				"highscore": 87,
				"currentscore": 0,
				"unlocked": false,
				"data": [[[0, 0, 0, 0, 0, 0, 0, 0, 0, 0, 0, 0, 0, 0, 0, 0, 0, 0, 0, 0], [0, 0, 0, 0, 0, 0, 0, 0, 0, 0, 0, 0, 0, 0, 0, 0, 0, 0, 0, 0], [0, 0, 0, 0, 0, 0, 0, 0, 0, 0, 0, 0, 0, 0, 0, 0, 0, 0, 0, 0], [0, 0, 0, 0, 0, 0, 0, 0, 0, 0, 0, 0, 0, 0, 0, 0, 0, 0, 0, 0], [0, 0, 0, 0, 0, 0, 0, 0, 0, 0, 0, 0, 0, 0, 0, 0, 0, 0, 0, 0], [0, 0, 0, 0, 0, 0, 0, 0, 0, 0, 0, 0, 0, 0, 0, 0, 0, 0, 0, 0], [0, 0, 0, 0, 0, 0, 0, 0, 0, 0, 0, 0, 0, 0, 0, 0, 0, 0, 0, 0], [0, 0, 0, 0, 0, 0, 0, 0, 0, 0, 0, 0, 0, 0, 0, 0, 0, 0, 0, 0], [0, 0, 0, 0, 0, 0, 0, 0, 0, 0, 0, 0, 0, 0, 0, 0, 0, 0, 0, 0], [0, 0, 0, 0, 0, 0, 0, 0, 0, 0, 0, 0, 0, 0, 0, 0, 0, 0, 0, 0], [0, 0, 0, 0, 0, 0, 0, 0, 0, 0, 0, 0, 0, 0, 0, 0, 0, 0, 0, 0], [0, 0, 0, 0, 0, 0, 0, 0, 0, 0, 0, 0, 0, 0, 0, 0, 0, 0, 0, 0], [0, 0, 0, 0, 0, 0, 0, 0, 0, 0, 0, 0, 0, 0, 0, 0, 0, 0, 0, 0], [0, 0, 0, 0, 0, 0, 0, 0, 0, 0, 0, 0, 0, 0, 0, 0, 0, 0, 0, 0], [0, 0, 0, 0, 0, 0, 0, 0, 0, 0, 0, 0, 0, 0, 0, 0, 0, 0, 0, 0], [0, 0, 0, 0, 0, 0, 0, 0, 0, 0, 0, 0, 0, 0, 0, 0, 0, 0, 0, 0], [0, 0, 0, 0, 0, 0, 0, 0, 0, 0, 0, 0, 0, 0, 0, 0, 0, 0, 0, 0], [0, 0, 0, 0, 0, 0, 0, 0, 0, 0, 0, 0, 0, 0, 0, 0, 0, 0, 0, 0], [0, 0, 0, 0, 0, 0, 0, 0, 0, 0, 0, 0, 0, 0, 0, 0, 0, 0, 0, 0], [0, 0, 0, 0, 0, 0, 0, 0, 0, 0, 0, 0, 0, 0, 0, 0, 0, 0, 0, 0]], [[1, 1, 1, 1, 1, 1, 1, 1, 1, 1, 1, 1, 1, 1, 1, 1, 1, 1, 1, 1], [1, 0, 0, 0, 0, 0, 0, 0, 0, 0, 0, 0, 0, 0, 0, 0, 0, 0, 0, 1], [1, 0, -1, -1, -1, 0, 0, 0, 8, 0, 0, 0, 0, 0, 0, 0, 0, 0, 0, 1], [1, 0, -1, 3, 9, 0, 0, 0, 0, 0, 0, 8, 0, 0, 0, 0, 0, 0, 0, 1], [1, 0, -1, -1, -1, 0, 0, 0, 0, 0, 0, 0, 0, 0, 0, 8, 0, 0, 0, 1], [1, 0, 0, 0, 0, 0, 0, 0, 0, 0, 4, 0, 0, 0, 0, 0, 0, 0, 0, 1], [1, 0, 0, 0, 0, 0, 0, 0, 0, 0, 0, 0, 0, 0, 0, 8, 0, 8, 0, 1], [1, 0, 0, 0, 8, 0, 0, 0, 0, 0, 8, 0, 0, 8, 0, 0, 0, 0, 0, 1], [1, 0, 0, 0, 0, 0, 0, 0, 0, 0, 0, 0, 0, 0, 0, 0, 0, 0, 0, 1], [1, -1, -1, -1, -1, -1, -1, -1, -1, -1, -1, -1, -1, -1, -1, -1, -1, -1, -1, 1], [0, -1, -1, -1, -1, -1, -1, -1, -1, -1, -1, -1, -1, -1, -1, -1, -1, -1, -1, 0], [0, 0, 0, 0, 0, 8, 0, 8, 0, 8, 0, 0, 0, 0, 0, 8, 0, 0, 0, 0], [0, 0, 8, 0, 0, 0, 0, 0, 0, 0, 8, 0, 0, 0, 0, 0, 0, 0, 0, 0], [0, 0, 0, 0, 0, 0, 8, 0, 8, 0, 0, 0, 0, 8, 0, 0, 0, 0, 8, 0], [0, 8, 8, 0, 8, 8, 0, 0, 0, 0, 5, 0, 0, 0, 0, 0, 8, 8, 0, 0], [0, 0, 0, 8, 0, 0, 0, 8, 0, 0, 0, 0, 8, 0, 8, 0, 0, 0, 0, 0], [0, 0, 0, 0, 0, 0, 0, 0, 0, 0, 2, 0, 0, 0, 0, 0, 8, 0, 8, 0], [0, 8, 0, 8, 0, 0, 8, 0, 0, 0, 0, 0, 0, 0, 0, 8, 0, 0, 0, 0], [0, 0, 8, 0, 0, 0, 0, 0, 0, 8, 0, 0, 0, 8, 0, 0, 0, 0, 8, 0], [0, 0, 0, 0, 0, 0, 0, 0, 0, 0, 0, 0, 0, 0, 0, 0, 0, 0, 0, 0]]]
			}
		]
	},

	{
		"name": "Old Lands",
		"maps": [
			{
				"name": "Small Cave",
				"highscore": 53,
				"currentscore": 0,
				"unlocked": true,
				"data": [[[0, 0, 0, 0, 0, 0, 0, 0, 0, 0, 0, 0, 0, 0, 0, 0, 0, 0, 0, 0], [0, 0, 0, 0, 0, 0, 0, 0, 0, 0, 0, 0, 0, 0, 0, 0, 0, 0, 0, 0], [0, 0, 0, 0, 0, 0, 0, 0, 0, 0, 0, 0, 0, 0, 0, 0, 0, 0, 0, 0], [0, 0, 0, 0, 0, 0, 0, 0, 0, 0, 0, 0, 0, 0, 0, 0, 0, 0, 0, 0], [0, 0, 0, 0, 0, 0, 0, 0, 0, 0, 0, 0, 0, 0, 0, 0, 0, 0, 0, 0], [0, 0, 0, 0, 0, 0, 0, 0, 0, 0, 0, 0, 0, 0, 0, 0, 0, 0, 0, 0], [0, 0, 0, 0, 0, 0, 0, 0, 0, 0, 0, 0, 0, 0, 0, 0, 0, 0, 0, 0], [0, 0, 0, 0, 0, 0, 0, 0, 0, 0, 0, 0, 0, 0, 0, 0, 0, 0, 0, 0], [0, 0, 0, 0, 0, 0, 0, 0, 0, 0, 0, 0, 0, 0, 0, 0, 0, 0, 0, 0], [0, 0, 0, 0, 0, 0, 0, 0, 0, 0, 0, 0, 0, 0, 0, 0, 0, 0, 0, 0], [0, 0, 0, 0, 0, 0, 0, 0, 0, 0, 0, 0, 0, 0, 0, 0, 0, 0, 0, 0], [0, 0, 0, 0, 0, 0, 0, 0, 0, 0, 0, 0, 0, 0, 0, 0, 0, 0, 0, 0], [0, 0, 0, 0, 0, 0, 0, 0, 0, 0, 0, 0, 0, 0, 0, 0, 0, 0, 0, 0], [0, 0, 0, 0, 0, 0, 0, 0, 0, 0, 0, 0, 0, 0, 0, 0, 0, 0, 0, 0], [0, 0, 0, 0, 0, 0, 0, 0, 0, 0, 0, 0, 0, 0, 0, 0, 0, 0, 0, 0], [0, 0, 0, 0, 0, 0, 0, 0, 0, 0, 0, 0, 0, 0, 0, 0, 0, 0, 0, 0], [0, 0, 0, 0, 0, 0, 0, 0, 0, 0, 0, 0, 0, 0, 0, 0, 0, 0, 0, 0], [0, 0, 0, 0, 0, 0, 0, 0, 0, 0, 0, 0, 0, 0, 0, 0, 0, 0, 0, 0], [0, 0, 0, 0, 0, 0, 0, 0, 0, 0, 0, 0, 0, 0, 0, 0, 0, 0, 0, 0], [0, 0, 0, 0, 0, 0, 0, 0, 0, 0, 0, 0, 0, 0, 0, 0, 0, 0, 0, 0]], [[1, 1, 1, 1, 1, 1, 1, 1, 1, 1, 1, 1, 1, 1, 1, 1, 1, 1, 1, 1], [1, 0, 0, 0, 0, 0, 0, 0, 0, 0, 0, 0, 0, 0, 0, 0, 0, 0, 0, 1], [1, 0, 3, 0, 0, 0, 0, 0, 0, 0, 0, 0, 0, 0, 0, 0, 0, 5, 0, 1], [1, 0, 0, 0, 0, 0, 0, 0, 0, 0, 0, 0, 0, 0, 0, 0, 0, 0, 0, 1], [1, 0, 0, 0, 1, 1, 1, 1, 0, 0, 0, 0, 1, 1, 1, 1, 0, 0, 0, 1], [1, 0, 0, 0, 1, 0, 0, 0, 0, 0, 0, 0, 0, 0, 0, 1, 0, 0, 0, 1], [1, 0, 0, 0, 1, 0, 0, 0, 0, 0, 0, 0, 0, 0, 0, 1, 0, 0, 0, 1], [1, 0, 0, 0, 1, 0, 0, 1, 6, 0, 0, 0, 0, 0, 0, 1, 0, 0, 0, 1], [1, 0, 0, 0, 0, 0, 0, 1, 0, 0, 0, 0, 0, 0, 0, 0, 0, 0, 0, 1], [1, 0, 0, 0, 0, 0, 0, 7, 0, 1, 1, 0, 0, 0, 0, 0, 0, 0, 0, 1], [1, 0, 0, 0, 0, 0, 0, 7, 0, 2, 1, 0, 0, 0, 0, 0, 0, 0, 0, 1], [1, 0, 0, 0, 0, 0, 0, 1, 0, 0, 0, 0, 6, 0, 0, 0, 0, 0, 0, 1], [1, 0, 0, 0, 1, 0, 0, 1, 1, 7, 7, 1, 1, 0, 0, 1, 0, 0, 0, 1], [1, 0, 0, 0, 1, 0, 0, 0, 0, 0, 0, 0, 0, 0, 0, 1, 0, 0, 0, 1], [1, 0, 0, 0, 1, 0, 0, 0, 0, 0, 0, 0, 0, 0, 0, 1, 0, 0, 0, 1], [1, 0, 0, 0, 1, 1, 1, 1, 0, 0, 0, 0, 1, 1, 1, 1, 0, 0, 0, 1], [1, 0, 0, 0, 0, 0, 0, 0, 0, 0, 0, 0, 0, 0, 0, 0, 0, 0, 0, 1], [1, 0, 4, 0, 0, 0, 0, 0, 0, 0, 0, 0, 0, 0, 0, 0, 0, 0, 0, 1], [1, 0, 0, 0, 0, 0, 0, 0, 0, 0, 0, 0, 0, 0, 0, 0, 0, 0, 0, 1], [1, 1, 1, 1, 1, 1, 1, 1, 1, 1, 1, 1, 1, 1, 1, 1, 1, 1, 1, 1]]]
			},
			{
				"name": "Go and Push!",
				"highscore": 999,
				"currentscore": 0,
				"unlocked": false,
				"data": [[[0, 0, 0, 0, 0, 0, 0, 0, 0, 0, 0, 0, 0, 0, 0, 0, 0, 0, 0, 0], [0, 0, 0, 0, 0, 0, 0, 0, 0, 0, 0, 0, 0, 0, 0, 0, 0, 0, 0, 0], [0, 0, 0, 0, 0, 0, 0, 0, 0, 0, 0, 0, 0, 0, 0, 0, 0, 0, 0, 0], [0, 0, 0, 0, 0, 0, 0, 0, 0, 0, 0, 0, 0, 0, 0, 0, 0, 0, 0, 0], [0, 0, 0, 0, 0, 0, 0, 0, 0, 0, 0, 0, 0, 0, 0, 0, 0, 0, 0, 0], [0, 0, 0, 0, 0, 0, 0, 0, 0, 0, 0, 0, 0, 0, 0, 0, 0, 0, 0, 0], [0, 0, 0, 0, 0, 0, 0, 0, 0, 0, 0, 0, 0, 0, 0, 0, 0, 0, 0, 0], [0, 0, 0, 0, 0, 0, 0, 0, 0, 0, 0, 0, 0, 0, 0, 0, 0, 0, 0, 0], [0, 0, 0, 0, 0, 0, 0, 0, 0, 0, 0, 0, 0, 0, 0, 0, 0, 0, 0, 0], [0, 0, 0, 0, 0, 0, 0, 0, 0, 0, 0, 0, 0, 0, 0, 0, 0, 0, 0, 0], [0, 0, 0, 0, 0, 0, 0, 0, 0, 0, 0, 0, 0, 0, 0, 0, 0, 0, 0, 0], [0, 0, 0, 0, 0, 0, 0, 0, 0, 0, 0, 0, 0, 0, 0, 0, 0, 0, 0, 0], [0, 0, 0, 0, 0, 0, 0, 0, 0, 0, 0, 0, 0, 0, 0, 0, 0, 0, 0, 0], [0, 0, 0, 0, 0, 0, 0, 0, 0, 0, 0, 0, 0, 0, 0, 0, 0, 0, 0, 0], [0, 0, 0, 0, 0, 0, 0, 0, 0, 0, 0, 0, 0, 0, 0, 0, 0, 0, 0, 0], [0, 0, 0, 0, 0, 0, 0, 0, 0, 0, 0, 0, 0, 0, 0, 0, 0, 0, 0, 0], [0, 0, 0, 0, 0, 0, 0, 0, 0, 0, 0, 0, 0, 0, 0, 0, 0, 0, 0, 0], [0, 0, 0, 0, 0, 0, 0, 0, 0, 0, 0, 0, 0, 0, 0, 0, 0, 0, 0, 0], [0, 0, 0, 0, 0, 0, 0, 0, 0, 0, 0, 0, 0, 0, 0, 0, 0, 0, 0, 0], [0, 0, 0, 0, 0, 0, 0, 0, 0, 0, 0, 0, 0, 0, 0, 0, 0, 0, 0, 0]], [[2, 0, 0, 0, 0, 0, 0, 0, 0, 0, 0, 0, 0, 0, 0, 0, 0, 0, 0, 0], [0, 6, 1, 1, 6, 0, 0, 0, 6, 1, 1, 1, 6, 0, 0, 0, 0, 6, 1, 1], [0, 0, 0, 0, 0, 0, 6, 6, 0, 0, 0, 0, 0, 0, 6, 6, 0, 0, 0, 0], [0, 7, 0, 0, 0, 7, 0, 0, 0, 7, 0, 0, 0, 7, 0, 0, 0, 7, 0, 0], [1, 1, 0, 0, 1, 1, 0, 0, 1, 1, 0, 0, 1, 1, 0, 0, 1, 1, 0, 0], [1, 1, 0, 7, 1, 1, 0, 7, 1, 1, 0, 7, 1, 1, 0, 7, 1, 1, 0, 7], [0, 0, 0, 0, 0, 1, 0, 0, 0, 0, 0, 0, 0, 1, 0, 0, 0, 0, 0, 0], [0, 0, 6, 0, 0, 0, 6, 0, 0, 0, 6, 0, 0, 0, 6, 0, 0, 0, 6, 0], [0, 0, 1, 1, 0, 0, 1, 1, 0, 0, 1, 1, 0, 0, 1, 1, 0, 0, 1, 1], [0, 6, 1, 1, 0, 6, 1, 1, 0, 6, 1, 1, 0, 6, 1, 1, 0, 6, 1, 1], [0, 0, 0, 6, 0, 0, 0, 0, 0, 0, 0, 6, 0, 0, 0, 0, 0, 0, 0, 6], [0, 7, 0, 0, 0, 7, 0, 0, 0, 7, 0, 0, 0, 7, 0, 0, 0, 7, 0, 0], [1, 1, 0, 0, 1, 1, 0, 0, 1, 1, 0, 0, 1, 1, 0, 0, 1, 1, 0, 0], [1, 1, 0, 7, 1, 1, 0, 7, 1, 1, 0, 7, 1, 1, 0, 7, 1, 1, 0, 7], [0, 0, 0, 0, 0, 0, 0, 0, 0, 0, 0, 0, 0, 0, 0, 0, 0, 0, 0, 0], [0, 0, 6, 0, 0, 0, 6, 0, 0, 0, 6, 0, 0, 0, 6, 0, 0, 0, 6, 0], [0, 0, 1, 1, 0, 0, 1, 1, 0, 0, 1, 1, 0, 0, 1, 1, 0, 0, 1, 1], [0, 6, 1, 1, 0, 6, 1, 1, 0, 6, 1, 1, 0, 6, 1, 1, 0, 6, 1, 1], [0, 3, 0, 0, 0, 0, 0, 6, 0, 0, 0, 0, 0, 0, 0, 6, 0, 0, 0, 5], [0, 0, 0, 0, 0, 0, 0, 0, 0, 0, 0, 0, 0, 0, 0, 0, 0, 0, 0, 4]]]
			},
			{
				"name": "Mirror",
				"highscore": 999,
				"currentscore": 0,
				"unlocked": false,
				"data": [[[0, 0, 0, 0, 0, 0, 0, 0, 0, 0, 0, 0, 0, 0, 0, 0, 0, 0, 0, 0], [0, 0, 0, 0, 0, 0, 0, 0, 0, 0, 0, 0, 0, 0, 0, 0, 0, 0, 0, 0], [0, 0, 0, 0, 0, 0, 0, 0, 0, 0, 0, 0, 0, 0, 0, 0, 0, 0, 0, 0], [0, 0, 0, 0, 0, 0, 0, 0, 0, 0, 0, 0, 0, 0, 0, 0, 0, 0, 0, 0], [0, 0, 0, 0, 0, 0, 0, 0, 0, 0, 0, 0, 0, 0, 0, 0, 0, 0, 0, 0], [0, 0, 0, 0, 0, 0, 0, 0, 0, 0, 0, 0, 0, 0, 0, 0, 0, 0, 0, 0], [0, 0, 0, 0, 0, 0, 0, 0, 0, 0, 0, 0, 0, 0, 0, 0, 0, 0, 0, 0], [0, 0, 0, 0, 0, 0, 0, 0, 0, 0, 0, 0, 0, 0, 0, 0, 0, 0, 0, 0], [0, 0, 0, 0, 0, 0, 0, 0, 0, 0, 0, 0, 0, 0, 0, 0, 0, 0, 0, 0], [0, 0, 0, 0, 0, 0, 0, 0, 0, 0, 0, 0, 0, 0, 0, 0, 0, 0, 0, 0], [0, 0, 0, 0, 0, 0, 0, 0, 0, 0, 0, 0, 0, 0, 0, 0, 0, 0, 0, 0], [0, 0, 0, 0, 0, 0, 0, 0, 0, 0, 0, 0, 0, 0, 0, 0, 0, 0, 0, 0], [0, 0, 0, 0, 0, 0, 0, 0, 0, 0, 0, 0, 0, 0, 0, 0, 0, 0, 0, 0], [0, 0, 0, 0, 0, 0, 0, 0, 0, 0, 0, 0, 0, 0, 0, 0, 0, 0, 0, 0], [0, 0, 0, 0, 0, 0, 0, 0, 0, 0, 0, 0, 0, 0, 0, 0, 0, 0, 0, 0], [0, 0, 0, 0, 0, 0, 0, 0, 0, 0, 0, 0, 0, 0, 0, 0, 0, 0, 0, 0], [0, 0, 0, 0, 0, 0, 0, 0, 0, 0, 0, 0, 0, 0, 0, 0, 0, 0, 0, 0], [0, 0, 0, 0, 0, 0, 0, 0, 0, 0, 0, 0, 0, 0, 0, 0, 0, 0, 0, 0], [0, 0, 0, 0, 0, 0, 0, 0, 0, 0, 0, 0, 0, 0, 0, 0, 0, 0, 0, 0], [0, 0, 0, 0, 0, 0, 0, 0, 0, 0, 0, 0, 0, 0, 0, 0, 0, 0, 0, 0]], [[1, 1, 1, 1, 1, 1, 0, 0, 1, 0, 0, 0, 0, 0, 0, 0, 0, 0, 0, 1], [1, 5, 0, 7, 6, 1, 0, 0, 1, 0, 0, 0, 0, 1, 0, 0, 0, 0, 0, 1], [1, 0, 3, 0, 0, 7, 0, 0, 1, 1, 1, 0, 0, 1, 1, 1, 1, 1, 0, 1], [1, 7, 0, 1, 0, 1, 0, 0, 0, 0, 0, 1, 1, 0, 0, 1, 0, 1, 0, 1], [1, 6, 0, 0, 0, 0, 0, 0, 0, 0, 0, 0, 0, 0, 0, 0, 0, 0, 0, 1], [1, 1, 7, 1, 0, 1, 0, 1, 1, 1, 1, 0, 0, 1, 0, 1, 0, 0, 0, 1], [0, 0, 0, 0, 0, 0, 0, 0, 0, 0, 1, 0, 0, 1, 0, 1, 0, 6, 1, 1], [0, 0, 0, 0, 0, 1, 0, 1, 0, 0, 1, 1, 7, 1, 1, 6, 0, 0, 0, 1], [1, 1, 1, 0, 0, 1, 0, 0, 1, 0, 1, 0, 0, 0, 0, 0, 1, 0, 1, 1], [0, 0, 1, 0, 0, 1, 0, 0, 0, 0, 0, 0, 0, 0, 0, 0, 0, 0, 0, 1], [0, 0, 1, 0, 0, 1, 1, 1, 1, 0, 1, 0, 1, 6, 1, 1, 0, 1, 0, 1], [0, 0, 0, 1, 0, 0, 0, 1, 0, 0, 0, 0, 0, 0, 1, 1, 0, 1, 0, 1], [0, 0, 0, 1, 0, 0, 0, 7, 0, 0, 1, 0, 1, 0, 7, 1, 0, 7, 0, 1], [0, 1, 1, 0, 0, 1, 1, 1, 0, 0, 6, 0, 0, 0, 0, 1, 1, 0, 0, 1], [0, 0, 1, 0, 0, 0, 0, 1, 0, 0, 1, 1, 7, 0, 2, 0, 0, 0, 1, 1], [0, 0, 1, 1, 0, 1, 1, 6, 0, 0, 1, 1, 1, 1, 0, 1, 0, 0, 0, 1], [0, 0, 1, 0, 0, 0, 0, 0, 1, 0, 0, 0, 0, 1, 0, 0, 1, 0, 0, 1], [0, 0, 1, 1, 0, 0, 6, 0, 0, 0, 1, 1, 7, 0, 0, 0, 0, 1, 0, 1], [0, 0, 0, 0, 0, 0, 1, 0, 1, 0, 0, 0, 0, 0, 1, 0, 0, 0, 4, 1], [1, 1, 1, 1, 1, 1, 1, 1, 1, 1, 1, 1, 1, 1, 1, 1, 1, 1, 1, 1]]]
			},
			{
				"name": "Infiltrate",
				"highscore": 999,
				"currentscore": 0,
				"unlocked": false,
				"data": [[[0, 0, 0, 0, 0, 0, 0, 0, 0, 0, 0, 0, 0, 0, 0, 0, 0, 0, 0, 0], [0, 0, 0, 0, 0, 0, 0, 0, 0, 0, 0, 0, 0, 0, 0, 0, 0, 0, 0, 0], [0, 0, 0, 0, 0, 0, 0, 0, 0, 0, 0, 0, 0, 0, 0, 0, 0, 0, 0, 0], [0, 0, 0, 0, 0, 0, 0, 0, 0, 0, 0, 0, 0, 0, 0, 0, 0, 0, 0, 0], [0, 0, 0, 0, 0, 0, 0, 0, 0, 0, 0, 0, 0, 0, 0, 0, 0, 0, 0, 0], [0, 0, 0, 0, 0, 0, 0, 0, 0, 0, 0, 0, 0, 0, 0, 0, 0, 0, 0, 0], [0, 0, 0, 0, 0, 0, 0, 0, 0, 0, 0, 0, 0, 0, 0, 0, 0, 0, 0, 0], [0, 0, 0, 0, 0, 0, 0, 0, 0, 0, 0, 0, 0, 0, 0, 0, 0, 0, 0, 0], [0, 0, 0, 0, 0, 0, 0, 0, 0, 0, 0, 0, 0, 0, 0, 0, 0, 0, 0, 0], [0, 0, 0, 0, 0, 0, 0, 0, 0, 0, 0, 0, 0, 0, 0, 0, 0, 0, 0, 0], [0, 0, 0, 0, 0, 0, 0, 0, 0, 0, 0, 0, 0, 0, 0, 0, 0, 0, 0, 0], [0, 0, 0, 0, 0, 0, 0, 0, 0, 0, 0, 0, 0, 0, 0, 0, 0, 0, 0, 0], [0, 0, 0, 0, 0, 0, 0, 0, 0, 0, 0, 0, 0, 0, 0, 0, 0, 0, 0, 0], [0, 0, 0, 0, 0, 0, 0, 0, 0, 0, 0, 0, 0, 0, 0, 0, 0, 0, 0, 0], [0, 0, 0, 0, 0, 0, 0, 0, 0, 0, 0, 0, 0, 0, 0, 0, 0, 0, 0, 0], [0, 0, 0, 0, 0, 0, 0, 0, 0, 0, 0, 0, 0, 0, 0, 0, 0, 0, 0, 0], [0, 0, 0, 0, 0, 0, 0, 0, 0, 0, 0, 0, 0, 0, 0, 0, 0, 0, 0, 0], [0, 0, 0, 0, 0, 0, 0, 0, 0, 0, 0, 0, 0, 0, 0, 0, 0, 0, 0, 0], [0, 0, 0, 0, 0, 0, 0, 0, 0, 0, 0, 0, 0, 0, 0, 0, 0, 0, 0, 0], [0, 0, 0, 0, 0, 0, 0, 0, 0, 0, 0, 0, 0, 0, 0, 0, 0, 0, 0, 0]], [[6, 6, 1, 0, 0, 0, 0, 0, 0, 0, 0, 0, 0, 0, 0, 0, 0, 1, 6, 6], [6, 0, 0, 0, 0, 0, 0, 0, 0, 0, 0, 0, 0, 0, 0, 0, 0, 0, 0, 6], [1, 0, 1, 1, 1, 1, 1, 1, 1, 1, 1, 1, 1, 1, 1, 1, 1, 1, 0, 1], [0, 0, 1, 2, 0, 0, 0, 0, 0, 0, 0, 0, 0, 0, 0, 0, 0, 1, 0, 0], [0, 0, 1, 0, 0, 0, 0, 0, 0, 0, 0, 0, 0, 0, 0, 0, 0, 0, 0, 0], [0, 0, 1, 1, 1, 1, 1, 1, 1, 0, 0, 1, 1, 1, 1, 1, 1, 1, 0, 0], [0, 0, 0, 0, 0, 0, 0, 0, 6, 6, 6, 6, 0, 0, 0, 0, 0, 0, 7, 7], [0, 7, 1, 7, 0, 0, 0, 0, 0, 6, 6, 0, 0, 0, 0, 0, 7, 1, 7, 0], [0, 7, 0, 0, 0, 7, 7, 0, 0, 0, 7, 0, 0, 7, 7, 0, 0, 0, 0, 0], [1, 1, 1, 0, 0, 7, 0, 0, 0, 1, 1, 0, 0, 0, 7, 0, 0, 1, 1, 1], [6, 0, 0, 0, 7, 7, 0, 7, 1, 6, 6, 1, 0, 0, 7, 7, 0, 0, 0, 6], [1, 0, 1, 7, 0, 7, 0, 0, 1, 6, 6, 1, 7, 0, 7, 0, 7, 1, 0, 1], [0, 0, 0, 7, 0, 7, 0, 0, 0, 1, 1, 0, 0, 0, 7, 0, 7, 0, 0, 0], [0, 7, 0, 7, 0, 0, 0, 7, 0, 7, 0, 0, 7, 0, 0, 0, 7, 0, 7, 0], [0, 7, 0, 7, 7, 7, 7, 0, 0, 0, 0, 0, 0, 7, 7, 7, 7, 0, 7, 0], [0, 0, 0, 0, 0, 0, 0, 0, 6, 6, 6, 6, 0, 0, 0, 0, 0, 0, 0, 0], [6, 0, 6, 1, 1, 1, 1, 1, 0, 0, 3, 0, 1, 1, 1, 1, 1, 6, 0, 6], [0, 0, 0, 0, 0, 0, 0, 0, 0, 7, 7, 0, 0, 0, 0, 0, 0, 0, 0, 0], [0, 0, 0, 0, 0, 0, 0, 4, 7, 0, 0, 7, 5, 0, 0, 0, 0, 0, 0, 0], [0, 0, 0, 0, 0, 0, 0, 0, 0, 7, 7, 0, 0, 0, 0, 0, 0, 0, 0, 0]]]
			},
			{
				"name": "Maze of X",
				"highscore": 190,
				"currentscore": 0,
				"unlocked": true,
				"data": [[[0, 0, 0, 0, 0, 0, 0, 0, 0, 0, 0, 0, 0, 0, 0, 0, 0, 0, 0, 0], [0, 0, 0, 0, 0, 0, 0, 0, 0, 0, 0, 0, 0, 0, 0, 0, 0, 0, 0, 0], [0, 0, 0, 0, 0, 0, 0, 0, 0, 0, 0, 0, 0, 0, 0, 0, 0, 0, 0, 0], [0, 0, 0, 0, 0, 0, 0, 0, 0, 0, 0, 0, 0, 0, 0, 0, 0, 0, 0, 0], [0, 0, 0, 0, 0, 0, 0, 0, 0, 0, 0, 0, 0, 0, 0, 0, 0, 0, 0, 0], [0, 0, 0, 0, 0, 0, 0, 0, 0, 0, 0, 0, 0, 0, 0, 0, 0, 0, 0, 0], [0, 0, 0, 0, 0, 0, 0, 0, 0, 0, 0, 0, 0, 0, 0, 0, 0, 0, 0, 0], [0, 0, 0, 0, 0, 0, 0, 0, 0, 0, 0, 0, 0, 0, 0, 0, 0, 0, 0, 0], [0, 0, 0, 0, 0, 0, 0, 0, 0, 0, 0, 0, 0, 0, 0, 0, 0, 0, 0, 0], [0, 0, 0, 0, 0, 0, 0, 0, 0, 0, 0, 0, 0, 0, 0, 0, 0, 0, 0, 0], [0, 0, 0, 0, 0, 0, 0, 0, 0, 0, 0, 0, 0, 0, 0, 0, 0, 0, 0, 0], [0, 0, 0, 0, 0, 0, 0, 0, 0, 0, 0, 0, 0, 0, 0, 0, 0, 0, 0, 0], [0, 0, 0, 0, 0, 0, 0, 0, 0, 0, 0, 0, 0, 0, 0, 0, 0, 0, 0, 0], [0, 0, 0, 0, 0, 0, 0, 0, 0, 0, 0, 0, 0, 0, 0, 0, 0, 0, 0, 0], [0, 0, 0, 0, 0, 0, 0, 0, 0, 0, 0, 0, 0, 0, 0, 0, 0, 0, 0, 0], [0, 0, 0, 0, 0, 0, 0, 0, 0, 0, 0, 0, 0, 0, 0, 0, 0, 0, 0, 0], [0, 0, 0, 0, 0, 0, 0, 0, 0, 0, 0, 0, 0, 0, 0, 0, 0, 0, 0, 0], [0, 0, 0, 0, 0, 0, 0, 0, 0, 0, 0, 0, 0, 0, 0, 0, 0, 0, 0, 0], [0, 0, 0, 0, 0, 0, 0, 0, 0, 0, 0, 0, 0, 0, 0, 0, 0, 0, 0, 0], [0, 0, 0, 0, 0, 0, 0, 0, 0, 0, 0, 0, 0, 0, 0, 0, 0, 0, 0, 0]], [[2, 0, 0, 0, 0, 0, 0, 0, 0, 0, 0, 0, 0, 0, 0, 0, 0, 0, 0, 0], [1, 1, 1, 1, 1, 1, 1, 1, 1, 1, 0, 0, 0, 0, 1, 1, 0, 0, 1, 1], [1, 4, 0, 0, 0, 0, 0, 0, 1, 0, 0, 0, 0, 0, 0, 1, 0, 0, 0, 1], [1, 7, 1, 1, 1, 1, 1, 0, 1, 0, 0, 1, 1, 0, 0, 1, 0, 0, 0, 1], [1, 0, 1, 0, 0, 0, 1, 0, 1, 0, 0, 1, 1, 0, 0, 1, 0, 0, 1, 1], [1, 0, 1, 0, 1, 0, 1, 0, 1, 0, 0, 1, 1, 0, 0, 1, 0, 0, 0, 1], [1, 0, 1, 0, 3, 0, 1, 0, 1, 0, 0, 0, 0, 0, 0, 1, 0, 0, 0, 1], [1, 0, 1, 0, 1, 1, 1, 0, 1, 0, 0, 0, 0, 0, 0, 1, 0, 0, 1, 1], [1, 0, 6, 0, 0, 0, 0, 0, 1, 0, 0, 0, 0, 0, 0, 0, 0, 0, 0, 0], [1, 0, 1, 0, 1, 1, 1, 0, 1, 1, 1, 1, 1, 1, 0, 1, 0, 1, 1, 1], [1, 0, 1, 0, 0, 0, 1, 0, 1, 0, 0, 0, 0, 0, 0, 0, 0, 0, 0, 0], [1, 0, 1, 0, 1, 0, 1, 0, 1, 0, 0, 0, 0, 0, 6, 1, 7, 0, 0, 0], [1, 0, 1, 0, 0, 0, 1, 0, 1, 1, 1, 0, 1, 0, 0, 1, 0, 0, 1, 0], [1, 6, 1, 7, 1, 1, 1, 0, 1, 0, 1, 0, 1, 0, 0, 0, 0, 0, 1, 0], [1, 0, 0, 0, 0, 0, 0, 5, 0, 0, 1, 0, 0, 0, 0, 1, 0, 0, 0, 0], [1, 1, 1, 1, 1, 1, 1, 6, 1, 0, 1, 1, 0, 1, 0, 1, 0, 1, 0, 1], [1, 0, 0, 0, 0, 1, 0, 0, 0, 0, 0, 0, 0, 0, 0, 0, 0, 0, 0, 0], [1, 0, 1, 1, 0, 1, 1, 1, 1, 0, 1, 1, 7, 1, 1, 0, 1, 1, 6, 1], [1, 0, 0, 0, 0, 0, 0, 0, 0, 0, 0, 0, 0, 0, 0, 0, 0, 0, 0, 0], [1, 1, 1, 1, 1, 1, 1, 1, 1, 0, 1, 0, 1, 0, 1, 0, 1, 0, 1, 0]]]
			},
			{
				"name": "Mysterious",
				"highscore": 305,
				"currentscore": 0,
				"unlocked": false,
				"data": [[[0, 0, 0, 0, 0, 0, 0, 0, 0, 0, 0, 0, 0, 0, 0, 0, 0, 0, 0, 0], [0, 0, 0, 0, 0, 0, 0, 0, 0, 0, 0, 0, 0, 0, 0, 0, 0, 0, 0, 0], [0, 0, 0, 0, 0, 0, 0, 0, 0, 0, 0, 0, 0, 0, 0, 0, 0, 0, 0, 0], [0, 0, 0, 0, 0, 0, 0, 0, 0, 0, 0, 0, 0, 0, 0, 0, 0, 0, 0, 0], [0, 0, 0, 0, 0, 0, 0, 0, 0, 0, 0, 0, 0, 0, 0, 0, 0, 0, 0, 0], [0, 0, 0, 0, 0, 0, 0, 0, 0, 0, 0, 0, 0, 0, 0, 0, 0, 0, 0, 0], [0, 0, 0, 0, 0, 0, 0, 0, 0, 0, 0, 0, 0, 0, 0, 0, 0, 0, 0, 0], [0, 0, 0, 0, 0, 0, 0, 0, 0, 0, 0, 0, 0, 0, 0, 0, 0, 0, 0, 0], [0, 0, 0, 0, 0, 0, 0, 0, 0, 0, 0, 0, 0, 0, 0, 0, 0, 0, 0, 0], [0, 0, 0, 0, 0, 0, 0, 0, 0, 0, 0, 0, 0, 0, 0, 0, 0, 0, 0, 0], [0, 0, 0, 0, 0, 0, 0, 0, 0, 0, 0, 0, 0, 0, 0, 0, 0, 0, 0, 0], [0, 0, 0, 0, 0, 0, 0, 0, 0, 0, 0, 0, 0, 0, 0, 0, 0, 0, 0, 0], [0, 0, 0, 0, 0, 0, 0, 0, 0, 0, 0, 0, 0, 0, 0, 0, 0, 0, 0, 0], [0, 0, 0, 0, 0, 0, 0, 0, 0, 0, 0, 0, 0, 0, 0, 0, 0, 0, 0, 0], [0, 0, 0, 0, 0, 0, 0, 0, 0, 0, 0, 0, 0, 0, 0, 0, 0, 0, 0, 0], [0, 0, 0, 0, 0, 0, 0, 0, 0, 0, 0, 0, 0, 0, 0, 0, 0, 0, 0, 0], [0, 0, 0, 0, 0, 0, 0, 0, 0, 0, 0, 0, 0, 0, 0, 0, 0, 0, 0, 0], [0, 0, 0, 0, 0, 0, 0, 0, 0, 0, 0, 0, 0, 0, 0, 0, 0, 0, 0, 0], [0, 0, 0, 0, 0, 0, 0, 0, 0, 0, 0, 0, 0, 0, 0, 0, 0, 0, 0, 0], [0, 0, 0, 0, 0, 0, 0, 0, 0, 0, 0, 0, 0, 0, 0, 0, 0, 0, 0, 0]], [[1, 1, 1, 1, 1, 1, 1, 6, 6, 6, 1, 1, 1, 1, 1, 1, 1, 1, 1, 1], [1, 0, 0, 0, 0, 0, 0, 0, 0, 0, 1, 0, 0, 0, 2, 1, 4, 0, 0, 1], [1, 0, 1, 0, 1, 1, 1, 1, 0, 0, 0, 0, 0, 1, 1, 1, 0, 3, 0, 1], [1, 7, 1, 0, 1, 0, 0, 1, 1, 1, 1, 1, 7, 7, 0, 1, 1, 0, 0, 1], [1, 0, 1, 0, 1, 0, 0, 0, 0, 0, 0, 1, 1, 0, 0, 0, 1, 0, 0, 1], [1, 0, 0, 0, 1, 1, 0, 0, 0, 0, 0, 1, 1, 0, 1, 0, 1, 1, 0, 1], [1, 0, 0, 0, 0, 0, 0, 1, 1, 0, 1, 1, 1, 0, 1, 0, 0, 1, 0, 1], [1, 0, 1, 6, 1, 0, 0, 7, 0, 0, 0, 0, 6, 0, 1, 1, 0, 1, 0, 1], [1, 1, 1, 0, 1, 0, 0, 1, 0, 0, 1, 0, 1, 1, 1, 1, 6, 1, 0, 1], [0, 0, 0, 0, 1, 1, 1, 1, 0, 1, 1, 0, 0, 0, 0, 0, 0, 1, 0, 1], [6, 0, 1, 0, 1, 0, 0, 0, 0, 1, 1, 7, 1, 1, 0, 1, 6, 1, 0, 1], [6, 0, 7, 0, 0, 0, 0, 0, 0, 1, 1, 0, 1, 1, 0, 1, 0, 1, 0, 1], [1, 0, 1, 1, 1, 1, 1, 0, 0, 0, 0, 0, 0, 0, 0, 0, 0, 1, 0, 1], [1, 0, 0, 0, 0, 0, 1, 0, 0, 1, 0, 1, 0, 1, 0, 0, 0, 1, 0, 1], [1, 0, 1, 0, 1, 0, 1, 1, 1, 1, 1, 1, 1, 1, 1, 1, 1, 1, 0, 1], [1, 0, 7, 0, 1, 0, 1, 0, 0, 1, 0, 0, 0, 0, 0, 0, 0, 1, 0, 1], [1, 1, 1, 0, 1, 6, 1, 0, 0, 0, 0, 0, 1, 1, 1, 0, 0, 1, 0, 1], [1, 0, 0, 0, 0, 0, 0, 0, 0, 1, 0, 1, 1, 0, 0, 0, 0, 1, 0, 1], [1, 5, 1, 0, 1, 0, 1, 0, 0, 1, 0, 0, 0, 0, 0, 0, 0, 0, 0, 0], [1, 1, 1, 1, 1, 1, 1, 1, 1, 1, 0, 1, 1, 1, 1, 1, 1, 1, 1, 1]]]
			},
			{
				"name": "Prisoner",
				"highscore": 999,
				"currentscore": 0,
				"unlocked": false,
				"data": [[[0, 0, 0, 0, 0, 0, 0, 0, 0, 0, 0, 0, 0, 0, 0, 0, 0, 0, 0, 0], [0, 0, 0, 0, 0, 0, 0, 0, 0, 0, 0, 0, 0, 0, 0, 0, 0, 0, 0, 0], [0, 0, 0, 0, 0, 0, 0, 0, 0, 0, 0, 0, 0, 0, 0, 0, 0, 0, 0, 0], [0, 0, 0, 0, 0, 0, 0, 0, 0, 0, 0, 0, 0, 0, 0, 0, 0, 0, 0, 0], [0, 0, 0, 0, 0, 0, 0, 0, 0, 0, 0, 0, 0, 0, 0, 0, 0, 0, 0, 0], [0, 0, 0, 0, 0, 0, 0, 0, 0, 0, 0, 0, 0, 0, 0, 0, 0, 0, 0, 0], [0, 0, 0, 0, 0, 0, 0, 0, 0, 0, 0, 0, 0, 0, 0, 0, 0, 0, 0, 0], [0, 0, 0, 0, 0, 0, 0, 0, 0, 0, 0, 0, 0, 0, 0, 0, 0, 0, 0, 0], [0, 0, 0, 0, 0, 0, 0, 0, 0, 0, 0, 0, 0, 0, 0, 0, 0, 0, 0, 0], [0, 0, 0, 0, 0, 0, 0, 0, 0, 0, 0, 0, 0, 0, 0, 0, 0, 0, 0, 0], [0, 0, 0, 0, 0, 0, 0, 0, 0, 0, 0, 0, 0, 0, 0, 0, 0, 0, 0, 0], [0, 0, 0, 0, 0, 0, 0, 0, 0, 0, 0, 0, 0, 0, 0, 0, 0, 0, 0, 0], [0, 0, 0, 0, 0, 0, 0, 0, 0, 0, 0, 0, 0, 0, 0, 0, 0, 0, 0, 0], [0, 0, 0, 0, 0, 0, 0, 0, 0, 0, 0, 0, 0, 0, 0, 0, 0, 0, 0, 0], [0, 0, 0, 0, 0, 0, 0, 0, 0, 0, 0, 0, 0, 0, 0, 0, 0, 0, 0, 0], [0, 0, 0, 0, 0, 0, 0, 0, 0, 0, 0, 0, 0, 0, 0, 0, 0, 0, 0, 0], [0, 0, 0, 0, 0, 0, 0, 0, 0, 0, 0, 0, 0, 0, 0, 0, 0, 0, 0, 0], [0, 0, 0, 0, 0, 0, 0, 0, 0, 0, 0, 0, 0, 0, 0, 0, 0, 0, 0, 0], [0, 0, 0, 0, 0, 0, 0, 0, 0, 0, 0, 0, 0, 0, 0, 0, 0, 0, 0, 0], [0, 0, 0, 0, 0, 0, 0, 0, 0, 0, 0, 0, 0, 0, 0, 0, 0, 0, 0, 0]], [[1, 1, 1, 1, 1, 1, 1, 1, 1, 1, 1, 1, 1, 1, 1, 1, 1, 6, 6, 6], [7, 0, 0, 0, 0, 0, 0, 0, 0, 0, 0, 0, 0, 0, 0, 0, 0, 0, 0, 1], [7, 0, 1, 1, 1, 1, 1, 1, 1, 1, 1, 1, 1, 1, 1, 1, 1, 1, 0, 1], [1, 0, 1, 0, 1, 1, 0, 0, 0, 0, 1, 0, 7, 7, 0, 1, 0, 1, 0, 1], [1, 0, 0, 0, 6, 1, 0, 1, 0, 0, 0, 0, 7, 1, 0, 0, 0, 1, 0, 1], [1, 7, 1, 0, 0, 0, 0, 0, 0, 0, 1, 0, 1, 1, 1, 7, 1, 1, 0, 1], [1, 1, 1, 0, 6, 1, 0, 0, 0, 1, 1, 0, 0, 0, 0, 7, 0, 1, 0, 1], [1, 1, 1, 1, 1, 1, 0, 1, 0, 0, 1, 0, 0, 0, 0, 1, 1, 1, 0, 1], [1, 1, 0, 0, 1, 1, 1, 1, 1, 1, 1, 0, 1, 0, 0, 0, 1, 1, 0, 1], [1, 1, 0, 0, 0, 0, 0, 0, 1, 4, 1, 0, 1, 1, 0, 0, 1, 1, 0, 1], [1, 1, 0, 0, 0, 0, 0, 0, 0, 3, 6, 0, 1, 0, 0, 0, 1, 1, 0, 1], [1, 1, 0, 0, 1, 1, 1, 1, 6, 6, 6, 1, 6, 0, 0, 1, 1, 1, 0, 1], [1, 1, 1, 0, 1, 0, 1, 1, 1, 1, 1, 1, 6, 0, 0, 0, 1, 1, 0, 1], [1, 0, 0, 0, 1, 0, 1, 0, 0, 0, 1, 7, 0, 0, 1, 0, 1, 1, 0, 1], [1, 1, 1, 0, 6, 0, 0, 0, 0, 0, 1, 7, 0, 0, 0, 0, 1, 1, 0, 1], [1, 0, 0, 0, 1, 0, 1, 0, 0, 0, 1, 1, 1, 0, 0, 1, 1, 1, 0, 1], [1, 1, 6, 0, 0, 0, 1, 0, 7, 0, 0, 0, 0, 0, 0, 0, 0, 1, 0, 1], [1, 1, 1, 1, 1, 7, 1, 1, 1, 1, 1, 1, 1, 1, 7, 1, 1, 1, 0, 6], [1, 5, 1, 1, 0, 0, 0, 0, 0, 0, 0, 0, 0, 0, 0, 0, 0, 0, 0, 6], [2, 0, 0, 0, 0, 0, 6, 1, 1, 1, 1, 1, 1, 1, 1, 1, 1, 1, 1, 1]]]
			},
			{
				"name": "No Way",
				"highscore": 999,
				"currentscore": 0,
				"unlocked": false,
				"data": [[[0, 0, 0, 0, 0, 0, 0, 0, 0, 0, 0, 0, 0, 0, 0, 0, 0, 0, 0, 0], [0, 0, 0, 0, 0, 0, 0, 0, 0, 0, 0, 0, 0, 0, 0, 0, 0, 0, 0, 0], [0, 0, 0, 0, 0, 0, 0, 0, 0, 0, 0, 0, 0, 0, 0, 0, 0, 0, 0, 0], [0, 0, 0, 0, 0, 0, 0, 0, 0, 0, 0, 0, 0, 0, 0, 0, 0, 0, 0, 0], [0, 0, 0, 0, 0, 0, 0, 0, 0, 0, 0, 0, 0, 0, 0, 0, 0, 0, 0, 0], [0, 0, 0, 0, 0, 0, 0, 0, 0, 0, 0, 0, 0, 0, 0, 0, 0, 0, 0, 0], [0, 0, 0, 0, 0, 0, 0, 0, 0, 0, 0, 0, 0, 0, 0, 0, 0, 0, 0, 0], [0, 0, 0, 0, 0, 0, 0, 0, 0, 0, 0, 0, 0, 0, 0, 0, 0, 0, 0, 0], [0, 0, 0, 0, 0, 0, 0, 0, 0, 0, 0, 0, 0, 0, 0, 0, 0, 0, 0, 0], [0, 0, 0, 0, 0, 0, 0, 0, 0, 0, 0, 0, 0, 0, 0, 0, 0, 0, 0, 0], [0, 0, 0, 0, 0, 0, 0, 0, 0, 0, 0, 0, 0, 0, 0, 0, 0, 0, 0, 0], [0, 0, 0, 0, 0, 0, 0, 0, 0, 0, 0, 0, 0, 0, 0, 0, 0, 0, 0, 0], [0, 0, 0, 0, 0, 0, 0, 0, 0, 0, 0, 0, 0, 0, 0, 0, 0, 0, 0, 0], [0, 0, 0, 0, 0, 0, 0, 0, 0, 0, 0, 0, 0, 0, 0, 0, 0, 0, 0, 0], [0, 0, 0, 0, 0, 0, 0, 0, 0, 0, 0, 0, 0, 0, 0, 0, 0, 0, 0, 0], [0, 0, 0, 0, 0, 0, 0, 0, 0, 0, 0, 0, 0, 0, 0, 0, 0, 0, 0, 0], [0, 0, 0, 0, 0, 0, 0, 0, 0, 0, 0, 0, 0, 0, 0, 0, 0, 0, 0, 0], [0, 0, 0, 0, 0, 0, 0, 0, 0, 0, 0, 0, 0, 0, 0, 0, 0, 0, 0, 0], [0, 0, 0, 0, 0, 0, 0, 0, 0, 0, 0, 0, 0, 0, 0, 0, 0, 0, 0, 0], [0, 0, 0, 0, 0, 0, 0, 0, 0, 0, 0, 0, 0, 0, 0, 0, 0, 0, 0, 0]], [[1, 7, 7, 1, 1, 1, 1, 1, 1, 1, 1, 1, 1, 1, 1, 1, 1, 1, 6, 6], [1, 0, 0, 0, 0, 0, 0, 0, 0, 0, 0, 0, 0, 0, 0, 0, 0, 0, 0, 6], [1, 0, 1, 1, 1, 1, 7, 1, 1, 1, 6, 1, 1, 1, 1, 1, 1, 1, 0, 6], [1, 0, 6, 0, 0, 0, 0, 6, 0, 0, 0, 0, 1, 0, 0, 0, 0, 0, 0, 6], [1, 0, 1, 0, 1, 1, 0, 1, 0, 1, 0, 0, 1, 0, 0, 0, 0, 0, 0, 1], [1, 0, 1, 0, 1, 6, 0, 1, 0, 1, 0, 6, 7, 0, 0, 0, 0, 0, 0, 1], [1, 0, 1, 0, 1, 6, 0, 0, 0, 7, 0, 0, 1, 0, 0, 0, 1, 1, 0, 1], [1, 0, 1, 0, 1, 6, 6, 6, 6, 1, 1, 0, 1, 0, 1, 0, 1, 0, 0, 1], [1, 0, 1, 0, 1, 0, 0, 0, 0, 1, 2, 0, 6, 0, 0, 0, 1, 1, 1, 1], [1, 0, 1, 0, 1, 1, 1, 1, 1, 1, 0, 1, 6, 0, 0, 0, 0, 0, 7, 1], [1, 0, 1, 0, 1, 7, 7, 7, 0, 0, 0, 1, 1, 0, 1, 1, 1, 0, 7, 1], [1, 0, 6, 0, 0, 0, 0, 1, 0, 0, 6, 1, 1, 0, 0, 1, 0, 0, 7, 1], [1, 0, 1, 0, 1, 0, 0, 1, 0, 0, 0, 7, 1, 0, 0, 1, 0, 0, 1, 1], [1, 0, 1, 0, 1, 7, 0, 0, 0, 0, 0, 7, 1, 1, 0, 1, 0, 0, 1, 1], [0, 0, 0, 0, 1, 7, 1, 1, 1, 1, 7, 7, 1, 0, 0, 1, 0, 0, 1, 1], [1, 0, 1, 0, 1, 1, 1, 7, 5, 1, 1, 1, 7, 0, 0, 1, 1, 0, 6, 1], [1, 0, 1, 1, 1, 0, 0, 0, 0, 1, 0, 0, 6, 0, 0, 0, 0, 0, 7, 1], [1, 1, 1, 7, 0, 0, 0, 1, 0, 1, 1, 1, 1, 0, 1, 0, 1, 0, 1, 1], [1, 4, 3, 0, 0, 0, 7, 7, 0, 0, 0, 0, 0, 0, 0, 0, 0, 0, 1, 1], [1, 1, 1, 1, 6, 1, 1, 1, 1, 1, 1, 1, 1, 0, 1, 1, 1, 0, 1, 1]]]
			},
			{
				"name": "Blocked",
				"highscore": 999,
				"currentscore": 0,
				"unlocked": true,
				"data": [[[0, 0, 0, 0, 0, 0, 0, 0, 0, 0, 0, 0, 0, 0, 0, 0, 0, 0, 0, 0], [0, 0, 0, 0, 0, 0, 0, 0, 0, 0, 0, 0, 0, 0, 0, 0, 0, 0, 0, 0], [0, 0, 0, 0, 0, 0, 0, 0, 0, 0, 0, 0, 0, 0, 0, 0, 0, 0, 0, 0], [0, 0, 0, 0, 0, 0, 0, 0, 0, 0, 0, 0, 0, 0, 0, 0, 0, 0, 0, 0], [0, 0, 0, 0, 0, 0, 0, 0, 0, 0, 0, 0, 0, 0, 0, 0, 0, 0, 0, 0], [0, 0, 0, 0, 0, 0, 0, 0, 0, 0, 0, 0, 0, 0, 0, 0, 0, 0, 0, 0], [0, 0, 0, 0, 0, 0, 0, 0, 0, 0, 0, 0, 0, 0, 0, 0, 0, 0, 0, 0], [0, 0, 0, 0, 0, 0, 0, 0, 0, 0, 0, 0, 0, 0, 0, 0, 0, 0, 0, 0], [0, 0, 0, 0, 0, 0, 0, 0, 0, 0, 0, 0, 0, 0, 0, 0, 0, 0, 0, 0], [0, 0, 0, 0, 0, 0, 0, 0, 0, 0, 0, 0, 0, 0, 0, 0, 0, 0, 0, 0], [0, 0, 0, 0, 0, 0, 0, 0, 0, 0, 0, 0, 0, 0, 0, 0, 0, 0, 0, 0], [0, 0, 0, 0, 0, 0, 0, 0, 0, 0, 0, 0, 0, 0, 0, 0, 0, 0, 0, 0], [0, 0, 0, 0, 0, 0, 0, 0, 0, 0, 0, 0, 0, 0, 0, 0, 0, 0, 0, 0], [0, 0, 0, 0, 0, 0, 0, 0, 0, 0, 0, 0, 0, 0, 0, 0, 0, 0, 0, 0], [0, 0, 0, 0, 0, 0, 0, 0, 0, 0, 0, 0, 0, 0, 0, 0, 0, 0, 0, 0], [0, 0, 0, 0, 0, 0, 0, 0, 0, 0, 0, 0, 0, 0, 0, 0, 0, 0, 0, 0], [0, 0, 0, 0, 0, 0, 0, 0, 0, 0, 0, 0, 0, 0, 0, 0, 0, 0, 0, 0], [0, 0, 0, 0, 0, 0, 0, 0, 0, 0, 0, 0, 0, 0, 0, 0, 0, 0, 0, 0], [0, 0, 0, 0, 0, 0, 0, 0, 0, 0, 0, 0, 0, 0, 0, 0, 0, 0, 0, 0], [0, 0, 0, 0, 0, 0, 0, 0, 0, 0, 0, 0, 0, 0, 0, 0, 0, 0, 0, 0]], [[6, 6, 6, 7, 6, 7, 7, 6, 6, 7, 6, 6, 6, 7, 6, 7, 6, 7, 6, 4], [7, 7, 6, 6, 6, 6, 7, 7, 6, 7, 6, 7, 6, 6, 6, 7, 6, 7, 7, 7], [6, 7, 6, 7, 6, 6, 7, 7, 6, 7, 6, 6, 7, 6, 7, 7, 7, 7, 7, 6], [6, 7, 7, 7, 7, 7, 7, 6, 6, 6, 7, 6, 7, 6, 6, 6, 6, 6, 7, 6], [6, 6, 7, 7, 6, 6, 7, 7, 7, 6, 6, 6, 7, 7, 7, 7, 7, 7, 7, 7], [6, 6, 6, 7, 7, 6, 6, 7, 6, 6, 7, 7, 7, 7, 7, 6, 6, 6, 6, 6], [7, 7, 6, 7, 6, 6, 7, 7, 6, 6, 7, 6, 6, 6, 7, 7, 6, 6, 7, 6], [7, 6, 6, 7, 7, 6, 6, 7, 6, 6, 7, 7, 7, 6, 7, 6, 6, 7, 7, 6], [7, 0, 0, 0, 0, 7, 7, 7, 7, 6, 6, 6, 6, 6, 7, 6, 6, 6, 7, 6], [6, 0, 7, 6, 0, 7, 0, 0, 0, 7, 6, 6, 7, 7, 7, 7, 7, 6, 7, 7], [6, 0, 0, 7, 0, 0, 0, 7, 0, 0, 7, 6, 6, 6, 6, 7, 6, 6, 6, 6], [7, 7, 0, 6, 7, 0, 7, 7, 7, 0, 6, 7, 7, 7, 7, 7, 6, 6, 7, 7], [6, 7, 0, 6, 6, 6, 6, 6, 7, 0, 0, 0, 0, 0, 0, 7, 7, 6, 7, 6], [6, 0, 0, 7, 7, 6, 5, 6, 6, 0, 0, 7, 7, 6, 0, 6, 7, 6, 6, 6], [7, 0, 7, 7, 6, 6, 7, 6, 6, 7, 7, 6, 7, 7, 0, 6, 7, 7, 6, 7], [7, 0, 6, 7, 6, 6, 7, 6, 6, 6, 3, 7, 6, 6, 0, 7, 7, 7, 6, 6], [7, 0, 7, 7, 6, 7, 7, 7, 7, 7, 0, 7, 7, 6, 0, 0, 0, 7, 7, 6], [7, 0, 6, 7, 6, 7, 6, 7, 6, 6, 0, 6, 7, 7, 7, 6, 0, 0, 6, 6], [2, 0, 6, 7, 6, 7, 6, 7, 6, 0, 0, 0, 0, 0, 0, 0, 0, 0, 6, 6], [7, 7, 7, 7, 6, 7, 6, 7, 7, 6, 6, 6, 7, 7, 7, 6, 6, 7, 6, 6]]]
			},
			{
				"name": "Run Fast",
				"highscore": 999,
				"currentscore": 0,
				"unlocked": false,
				"data": [[[0, 0, 0, 0, 0, 0, 0, 0, 0, 0, 0, 0, 0, 0, 0, 0, 0, 0, 0, 0], [0, 0, 0, 0, 0, 0, 0, 0, 0, 0, 0, 0, 0, 0, 0, 0, 0, 0, 0, 0], [0, 0, 0, 0, 0, 0, 0, 0, 0, 0, 0, 0, 0, 0, 0, 0, 0, 0, 0, 0], [0, 0, 0, 0, 0, 0, 0, 0, 0, 0, 0, 0, 0, 0, 0, 0, 0, 0, 0, 0], [0, 0, 0, 0, 0, 0, 0, 0, 0, 0, 0, 0, 0, 0, 0, 0, 0, 0, 0, 0], [0, 0, 0, 0, 0, 0, 0, 0, 0, 0, 0, 0, 0, 0, 0, 0, 0, 0, 0, 0], [0, 0, 0, 0, 0, 0, 0, 0, 0, 0, 0, 0, 0, 0, 0, 0, 0, 0, 0, 0], [0, 0, 0, 0, 0, 0, 0, 0, 0, 0, 0, 0, 0, 0, 0, 0, 0, 0, 0, 0], [0, 0, 0, 0, 0, 0, 0, 0, 0, 0, 0, 0, 0, 0, 0, 0, 0, 0, 0, 0], [0, 0, 0, 0, 0, 0, 0, 0, 0, 0, 0, 0, 0, 0, 0, 0, 0, 0, 0, 0], [0, 0, 0, 0, 0, 0, 0, 0, 0, 0, 0, 0, 0, 0, 0, 0, 0, 0, 0, 0], [0, 0, 0, 0, 0, 0, 0, 0, 0, 0, 0, 0, 0, 0, 0, 0, 0, 0, 0, 0], [0, 0, 0, 0, 0, 0, 0, 0, 0, 0, 0, 0, 0, 0, 0, 0, 0, 0, 0, 0], [0, 0, 0, 0, 0, 0, 0, 0, 0, 0, 0, 0, 0, 0, 0, 0, 0, 0, 0, 0], [0, 0, 0, 0, 0, 0, 0, 0, 0, 0, 0, 0, 0, 0, 0, 0, 0, 0, 0, 0], [0, 0, 0, 0, 0, 0, 0, 0, 0, 0, 0, 0, 0, 0, 0, 0, 0, 0, 0, 0], [0, 0, 0, 0, 0, 0, 0, 0, 0, 0, 0, 0, 0, 0, 0, 0, 0, 0, 0, 0], [0, 0, 0, 0, 0, 0, 0, 0, 0, 0, 0, 0, 0, 0, 0, 0, 0, 0, 0, 0], [0, 0, 0, 0, 0, 0, 0, 0, 0, 0, 0, 0, 0, 0, 0, 0, 0, 0, 0, 0], [0, 0, 0, 0, 0, 0, 0, 0, 0, 0, 0, 0, 0, 0, 0, 0, 0, 0, 0, 0]], [[1, 7, 6, 1, 0, 1, 1, 1, 1, 1, 1, 1, 1, 1, 0, 1, 1, 6, 6, 6], [1, 7, 6, 0, 0, 0, 0, 0, 0, 0, 0, 0, 0, 1, 0, 0, 0, 0, 4, 6], [1, 7, 6, 1, 0, 1, 1, 1, 1, 1, 1, 0, 0, 1, 0, 0, 1, 1, 0, 1], [1, 7, 6, 1, 0, 1, 0, 0, 1, 0, 0, 0, 1, 7, 0, 0, 0, 1, 0, 1], [1, 7, 6, 1, 0, 1, 0, 0, 1, 0, 0, 0, 0, 0, 1, 0, 0, 1, 0, 1], [1, 0, 0, 1, 0, 1, 1, 1, 1, 0, 0, 1, 0, 0, 1, 0, 0, 1, 0, 1], [1, 1, 0, 1, 0, 1, 7, 7, 7, 7, 6, 1, 0, 1, 7, 0, 0, 1, 0, 1], [1, 0, 0, 0, 0, 7, 7, 6, 6, 6, 6, 1, 0, 0, 1, 0, 0, 1, 0, 1], [1, 7, 0, 1, 1, 1, 7, 6, 1, 1, 1, 1, 0, 1, 6, 0, 1, 1, 0, 1], [1, 7, 0, 7, 0, 0, 0, 0, 0, 0, 0, 0, 0, 0, 1, 0, 0, 1, 3, 1], [1, 0, 0, 6, 0, 0, 1, 1, 0, 0, 0, 1, 0, 1, 7, 0, 0, 1, 0, 1], [1, 2, 1, 1, 0, 1, 1, 1, 1, 0, 1, 1, 0, 1, 6, 0, 0, 1, 0, 1], [1, 1, 1, 0, 0, 0, 1, 1, 0, 0, 0, 1, 1, 1, 6, 1, 0, 1, 0, 1], [1, 0, 0, 1, 0, 0, 0, 1, 0, 0, 0, 1, 0, 0, 1, 0, 0, 6, 0, 1], [1, 0, 7, 7, 1, 0, 7, 7, 1, 0, 7, 7, 1, 0, 1, 0, 0, 0, 0, 1], [1, 0, 1, 0, 0, 0, 1, 0, 0, 0, 1, 0, 0, 1, 1, 1, 1, 0, 1, 1], [1, 6, 6, 1, 0, 6, 6, 1, 0, 6, 6, 1, 0, 0, 1, 0, 1, 0, 1, 1], [1, 0, 0, 0, 0, 0, 0, 0, 0, 0, 0, 0, 0, 0, 1, 0, 1, 0, 1, 1], [1, 0, 0, 0, 0, 0, 0, 0, 0, 0, 0, 0, 0, 0, 0, 0, 0, 0, 5, 1], [1, 1, 0, 1, 1, 1, 0, 1, 1, 1, 0, 1, 1, 1, 1, 1, 1, 1, 1, 1]]]
			}
		]
	},

	{
		"name": "Echoes",
		"maps": [
			{
				"name": "Woods",
				"highscore": 0,
				"currentscore": 0,
				"unlocked": true,
				"data": [[[20, 20, 20, 20, 20, 20, 20, 20, 20, 20, 20, 20, 20, 0, 0, 0, 0, 0, 0, 0], [20, 20, 20, 20, 20, 20, 20, 0, 20, 20, 20, 20, 0, 0, 0, 0, 0, 0, 0, 0], [20, 20, 20, 20, 20, 20, 20, 20, 20, 20, 20, 20, 0, 0, 0, 0, 0, 0, 0, 0], [20, 20, 20, 20, 20, 20, 20, 20, 20, 20, 20, 0, 0, 0, 0, 0, 0, 0, 0, 0], [20, 20, 20, 20, 20, 20, 20, 20, 20, 20, 20, 0, 0, 0, 0, 0, 0, 0, 0, 0], [0, 20, 20, 20, 20, 20, 20, 20, 20, 20, 20, 20, 20, 0, 0, 0, 0, 0, 0, 0], [0, 20, 20, 20, 20, 20, 20, 20, 20, 20, 20, 20, 20, 0, 0, 0, 0, 0, 0, 0], [0, 20, 20, 20, 20, 20, 20, 20, 20, 20, 20, 20, 20, 0, 0, 0, 0, 0, 0, 0], [0, 0, 20, 20, 20, 20, 20, 20, 20, 20, 20, 20, 0, 0, 0, 0, 0, 0, 0, 0], [0, 0, 0, 0, 0, 0, 0, 20, 20, 20, 20, 20, 0, 0, 0, 0, 0, 0, 0, 0], [0, 0, 0, 0, 0, 0, 0, 0, 20, 20, 20, 0, 0, 0, 0, 0, 0, 0, 0, 0], [0, 0, 0, 0, 0, 0, 0, 0, 20, 20, 20, 0, 0, 0, 0, 0, 0, 0, 0, 0], [0, 0, 0, 0, 0, 0, 0, 0, 0, 20, 0, 0, 0, 20, 0, 0, 0, 0, 0, 0], [0, 0, 0, 0, 0, 0, 0, 0, 0, 0, 0, 10, 10, 10, 10, 0, 0, 0, 0, 0], [0, 0, 0, 0, 0, 10, 10, 10, 10, 10, 10, 10, 10, 10, 10, 10, 10, 10, 0, 0], [0, 0, 0, 0, 0, 10, 10, 10, 10, 10, -1, -1, 10, 10, 10, 10, 10, 10, 0, 0], [0, 0, 0, 0, 0, 10, 10, 10, 10, 10, -1, -1, 10, 10, 10, 10, 10, 10, 0, 0], [0, 0, 0, 0, 0, 10, 10, 10, 10, 10, -1, -1, 10, 10, 10, 10, 10, 10, 0, 0], [0, 0, 0, 0, 0, 10, 10, 10, 10, 10, 10, 10, 10, 10, 10, 10, 10, 10, 0, 0], [0, 0, 0, 0, 0, 0, 0, 0, 0, 0, 0, 10, 10, 10, 10, 10, 10, 10, 0, 0]], [[21, 21, 21, 21, 21, 21, 21, 21, 21, 21, 21, 21, 21, 0, 0, 0, 0, 0, 0, 0], [21, 21, 21, 21, 21, 21, 21, 0, 21, 21, 21, 21, 0, 0, 0, 0, 0, 0, 0, 0], [21, 21, 21, 21, 21, 21, 21, 21, 21, 21, 21, 21, 0, 0, 0, 0, 0, 0, 0, 0], [21, 21, 21, 21, 2, -1, -1, -1, -1, 21, 21, 0, 0, 0, 0, 0, 0, 0, 0, 0], [21, 21, 21, 21, 21, -1, -1, -1, -1, 8, -1, 0, 0, 0, 0, 0, 0, 0, 0, 0], [-1, 21, 21, 21, 21, -1, -1, -1, -1, 8, -1, -1, 21, 0, 0, 0, 0, 0, 0, 0], [-1, 21, 21, 21, 21, -1, -1, -1, 8, -1, -1, -1, 21, 0, 0, 0, 0, 0, 0, 0], [-1, 21, 21, 21, 21, -1, -1, -1, 21, -1, 21, 21, 21, -1, 0, 0, 0, 0, 0, 0], [-1, -1, 21, 21, 21, -1, -1, -1, 21, 21, 21, 21, -1, -1, 0, 0, 0, 0, 0, 0], [-1, -1, -1, -1, 0, 0, 0, -1, 21, 21, 21, 21, -1, -1, -1, 4, 0, 0, 0, 0], [0, 0, -1, 0, 0, 1, 1, 1, 21, 21, 21, -1, -1, 5, -1, -1, 0, 0, 0, 1], [0, 0, -1, 0, 1, 1, 1, 1, 21, 21, 21, -1, -1, -1, -1, -1, 0, 0, 0, 1], [0, 0, 0, 0, 1, 1, 1, 1, 1, 21, -1, -1, -1, -1, -1, -1, 0, 0, 1, 1], [0, 0, 0, 1, 1, 1, 1, 1, 1, 1, 1, 11, -1, -1, 11, 0, 0, 1, 1, 1], [0, 0, 0, 1, 1, 11, 11, 11, 11, 11, 11, 11, 8, -1, 11, 11, 11, 11, 1, 1], [0, 0, 0, 1, 1, 11, -1, 6, -1, -1, -1, -1, -1, -1, 7, -1, -1, 11, 1, 1], [0, 0, 0, 1, 1, 11, -1, 3, -1, -1, -1, -1, -1, -1, 8, -1, -1, 11, 1, 1], [0, 0, 1, 1, 1, 11, -1, 6, -1, -1, -1, -1, -1, -1, 7, -1, -1, 11, 1, 1], [0, 1, 1, 1, 1, 11, 11, 11, 11, 11, 11, 11, -1, -1, 7, -1, -1, 11, 1, 1], [1, 1, 1, 1, 1, 1, 1, 1, 1, 1, 1, 11, 11, 11, 11, 11, 11, 11, 1, 1]]]
			},
			{
				"name": "Eye Of A Holder",
				"highscore": 0,
				"currentscore": 0,
				"unlocked": false,
				"data": [[[0, 0, 0, 0, 10, 10, 10, 10, 10, 10, 10, 10, 10, 10, 10, 10, 0, 0, 0, 0], [0, 0, 10, 10, 10, 10, 10, 10, 10, 10, 10, 0, 0, 0, 10, 10, 10, 10, 0, 0], [0, 0, 10, 10, 10, 10, 10, 10, 10, 10, 0, -1, -1, -1, 0, 10, 10, 10, 10, 0], [0, 0, 10, 10, 10, 10, 10, 10, 10, 10, 0, -1, 0, -1, 0, 10, 10, 10, 10, 0], [0, 0, 10, 10, 10, 10, 10, 10, 10, 10, 0, -1, -1, -1, 0, 10, 10, 10, 10, 0], [0, 0, 10, 10, 10, 10, 10, 10, 10, 10, 10, 0, 0, 0, 10, 10, 10, 10, 10, 0], [0, 0, 0, 0, 10, 10, 10, 10, 10, 10, 10, 10, 10, 10, 10, 10, 10, 10, 10, 0], [0, 0, 0, 0, 0, 0, 0, 10, 10, 10, 10, 10, 0, 0, 10, 10, 10, 10, 10, 0], [0, 0, 0, 0, 0, 0, 0, 0, 0, -1, -1, -1, -1, 0, 0, 0, 10, 10, 10, 0], [-1, -1, -1, -1, -1, -1, -1, -1, -1, -1, -1, -1, -1, -1, -1, 0, 10, 10, 10, 0], [0, 0, 0, 0, 0, 0, 0, 0, 0, 0, 0, 0, 0, 0, 0, 0, 10, 10, 10, 0], [0, 0, 0, 0, 0, 0, 0, 0, 0, 0, 0, 0, 0, 0, 0, 0, 0, 0, 0, 0], [0, 0, 0, 0, 0, 0, 0, 0, 0, 0, 0, 0, 0, 0, 0, 0, 0, 0, 0, 0], [0, 0, 0, 0, 0, 0, 0, 0, 0, 0, 0, 0, 0, 0, 0, 0, 0, 0, 0, 0], [0, 0, 0, 0, 0, 0, 0, 0, 0, 0, 0, 0, 9, 0, 0, 0, -1, 0, 0, 0], [0, 0, 0, 0, 0, 0, 0, 0, 0, 0, 9, 0, 0, 0, 0, 0, 0, 0, 0, 0], [0, 0, 0, 0, 0, 0, 0, 0, 0, 0, 0, 0, 0, 0, -1, 0, 0, 0, 0, 0], [0, 0, 0, 0, 0, 0, 0, 0, 0, 0, 0, 9, 0, 0, 0, 0, 0, 0, 0, 0], [0, 0, 0, 0, 0, 0, 0, 0, 0, 0, 0, -1, 0, -1, 0, -1, 0, 0, 0, 0], [0, 0, 0, 0, 0, 0, 0, 0, 0, 0, 0, 0, 0, 0, 0, 0, 0, 0, 0, 0]], [[0, 0, 11, 11, 11, 11, 11, 11, 11, 11, 11, 11, 11, 11, 11, 11, 11, 11, 11, 0], [0, 21, 11, 4, 7, -1, -1, 7, 7, -1, 7, -1, -1, -1, -1, 11, -1, -1, 11, 21], [21, 0, 11, 11, 11, 11, 11, 11, 11, 11, -1, -1, -1, -1, -1, -1, -1, -1, 11, 21], [0, 0, 21, 11, 11, 11, 11, -1, -1, 6, -1, -1, 2, -1, -1, -1, -1, -1, 11, 0], [0, 21, 11, 11, -1, -1, 11, -1, 11, 11, -1, -1, -1, -1, -1, -1, -1, -1, 11, 0], [0, 21, 21, 11, -1, -1, -1, -1, -1, 11, -1, -1, -1, -1, -1, -1, 8, -1, 11, 21], [0, 0, 21, 11, 11, 11, 11, 11, -1, 6, -1, -1, -1, -1, 11, -1, -1, -1, 11, 0], [21, 0, 0, 0, 0, 0, 21, 11, 11, 11, -1, 11, 11, 11, 11, -1, -1, -1, 11, 0], [0, 0, 21, 0, 21, 0, 0, 0, 21, -1, -1, -1, -1, 11, 11, 11, -1, -1, 11, 21], [-1, -1, -1, -1, -1, -1, -1, -1, -1, -1, -1, -1, -1, -1, -1, 11, -1, -1, 11, -1], [21, 0, 0, 21, 0, 21, 0, 0, 0, 5, 0, 0, 0, 0, 0, 11, 7, 7, 11, 21], [1, 1, 1, 1, 1, 0, 0, 21, 0, 0, 0, 0, 0, 0, 0, 0, 0, 0, 0, 0], [1, 0, 0, 0, 1, 21, 21, 0, 7, 0, 0, 0, 0, 0, 0, 0, 0, 0, 1, 0], [1, 6, 8, 0, 0, 0, 0, 0, 1, 0, 0, 1, 1, 0, 0, 0, 0, 0, 1, 1], [1, 0, 0, 0, 1, 0, 0, 0, 0, 0, 0, 1, -1, 0, 0, 0, -1, 0, 0, 0], [1, 1, 1, 1, 1, 0, 21, 0, 0, 0, -1, 0, 3, 0, 0, 0, 1, 0, 0, 0], [1, 0, 0, 0, 1, 21, 21, 6, 0, 0, 0, 0, 0, 0, -1, 1, 1, 0, 0, 0], [1, 7, 8, 0, 0, 0, 0, 0, 1, 0, 0, -1, 0, 0, 0, 0, 0, 0, 0, 0], [1, 0, 0, 0, 1, 0, 0, 0, 0, 0, 0, -1, 0, -1, 1, -1, 0, 0, 0, 0], [1, 1, 1, 1, 1, 21, 0, 21, 0, 0, 0, 0, 0, 1, 1, 0, 0, 0, 0, 0]]]
			},
			{
				"name": "A Broken Castle",
				"highscore": 0,
				"currentscore": 0,
				"unlocked": false,
				"data": [[[0, 20, 20, 20, 20, 20, 20, 20, 20, 20, 10, 10, 10, 10, 10, 10, 10, 10, 10, 10], [0, 0, 20, 20, 20, 20, 20, 20, 20, 20, 10, 10, 10, 10, 10, 9, 10, 10, 10, 10], [0, 10, 0, 20, 20, 20, 20, 20, 20, 20, 10, 10, 9, 9, 10, 10, 10, -1, -1, 10], [10, 0, 10, 20, 20, 20, 20, 20, 20, 10, 10, 10, 10, 10, 10, 10, 10, 10, 10, 10], [10, 10, 0, 0, 0, 20, 20, 20, 20, 20, 20, 10, -1, -1, -1, 10, 10, -1, -1, 10], [20, 20, 0, 0, 0, 0, 0, 20, 20, 20, 20, 10, 10, 10, 10, 10, 10, 10, 10, 10], [0, 10, 10, 0, 0, 0, 20, 20, 20, 0, 20, 20, -1, -1, 10, 10, -1, 10, 10, 10], [0, 0, 10, 0, 0, 0, 0, 0, 20, 20, 20, 20, 20, 10, 10, 10, -1, -1, 10, 10], [20, 10, 0, 10, 10, 0, 0, 0, 20, 20, 20, 20, 10, 10, 10, 10, 10, 10, 10, 10], [10, 0, 0, 10, 10, 10, 10, 0, 20, 0, 20, 20, 10, 10, 10, 10, 10, 10, 10, 10], [10, 20, 10, 10, 10, 0, 10, 10, 0, 0, 20, 20, 10, 10, 10, 10, 10, 10, 0, 10], [20, 10, 10, 20, 10, 0, 10, 10, 0, 0, 0, 20, 20, 20, 20, 10, 20, 10, 10, 10], [10, 10, 10, 10, 10, 0, 10, 0, 10, 0, 0, 20, 20, 20, 20, 20, 10, 0, 10, 10], [-1, -1, -1, -1, -1, 10, 10, 10, 10, 0, 0, 0, 20, 20, 20, 20, 20, 20, 20, 10], [10, 10, 10, 10, -1, 20, 20, 20, 10, 20, 20, 20, 20, 0, 20, 20, 20, 20, 20, 20], [10, -1, -1, -1, -1, 10, 10, 10, 10, 10, 10, 0, 0, 0, 20, 20, 20, 20, 20, 20], [10, 10, 10, -1, -1, -1, -1, -1, -1, -1, 10, 0, 0, 0, 0, 20, 20, 20, 20, 20], [10, 10, 10, 10, 10, 10, 10, 0, 10, 10, 10, 10, 10, 10, 0, 0, 20, 20, 20, 20], [10, 10, 10, -1, -1, 0, 0, 0, 0, 10, 0, 0, 0, 10, 0, 0, 0, 20, 20, 20], [-1, -1, -1, -1, -1, 20, 20, 10, 0, 0, 0, 10, 0, 0, 10, 0, 0, 0, 0, 20]], [[-1, 21, -1, -1, 21, 21, -1, -1, 21, 11, 11, 11, 11, 11, 11, 11, 11, 11, 11, 11], [-1, -1, -1, -1, -1, 21, 21, -1, -1, 8, 11, 4, 8, -1, -1, -1, -1, -1, -1, 11], [-1, -1, -1, -1, 21, -1, -1, 21, -1, -1, 11, 8, 8, -1, -1, -1, -1, -1, -1, 11], [11, 11, 11, -1, -1, -1, -1, -1, -1, 11, 11, 2, -1, -1, -1, 0, 6, -1, -1, 11], [-1, -1, 11, -1, -1, -1, -1, -1, -1, -1, 11, -1, -1, -1, -1, 0, -1, -1, -1, 11], [-1, -1, 11, -1, -1, -1, -1, 21, -1, -1, 11, -1, -1, 6, -1, -1, -1, 7, -1, 11], [-1, -1, 11, 11, 11, -1, -1, -1, -1, 11, 11, 8, -1, -1, -1, 7, -1, -1, -1, 11], [-1, -1, 11, -1, 11, -1, -1, -1, -1, -1, 11, 11, 11, -1, -1, -1, -1, -1, -1, 11], [-1, -1, -1, -1, 11, -1, -1, -1, -1, -1, 21, -1, 11, -1, -1, -1, -1, -1, -1, 11], [-1, 21, -1, -1, 11, 11, 11, 0, -1, -1, -1, -1, -1, -1, 0, 0, -1, -1, -1, 11], [-1, -1, -1, -1, -1, -1, 11, -1, -1, -1, -1, -1, -1, -1, 0, -1, -1, -1, 0, 11], [-1, -1, -1, -1, -1, -1, 7, -1, -1, -1, -1, -1, 11, 8, -1, -1, -1, -1, -1, 11], [-1, -1, -1, -1, -1, -1, 11, -1, -1, -1, -1, -1, 11, 11, 11, 11, 11, 11, 11, 11], [-1, -1, -1, -1, -1, 11, 11, 11, 11, 11, -1, 0, -1, 11, -1, -1, 11, -1, -1, 11], [8, 7, 0, 8, -1, 3, -1, -1, -1, -1, -1, -1, -1, -1, -1, -1, -1, -1, -1, 21], [-1, -1, -1, -1, -1, -1, -1, -1, -1, -1, -1, 11, -1, -1, -1, -1, 21, -1, 21, -1], [6, 11, -1, -1, -1, -1, -1, -1, -1, -1, -1, 11, -1, -1, -1, -1, 21, 5, -1, 21], [-1, -1, -1, -1, 6, -1, -1, -1, 6, -1, 6, 11, 11, 11, 11, -1, -1, -1, 21, 21], [11, 11, 11, -1, -1, 21, -1, -1, -1, 6, -1, -1, -1, -1, -1, -1, -1, 21, -1, 21], [-1, -1, -1, -1, -1, -1, -1, 6, -1, -1, -1, 6, -1, -1, 11, -1, -1, -1, -1, -1]]]
			},
			{
				"name": "Forest Path",
				"highscore": 0,
				"currentscore": 0,
				"unlocked": false,
				"data": [[[0, 0, 0, 0, 0, 0, 0, 0, 0, 0, 0, 0, 0, 0, 0, 0, 0, 0, 0, 0], [0, 0, 0, 0, 0, 0, 0, 0, 0, 0, 0, 0, 0, 0, 0, 0, 0, 0, 0, 0], [0, 0, 0, 0, 0, 0, 0, 0, 0, 0, 0, 0, 0, 20, 0, 0, 0, 0, 0, 0], [0, 0, 0, 0, 0, 0, 0, 0, 0, 0, 0, 0, 0, 0, 0, 0, 0, 0, 0, 0], [0, 0, 0, 0, 0, 0, 0, 0, 0, 0, 0, -1, 0, 20, 0, 0, 0, 0, 0, 0], [0, 0, 0, 0, 0, 0, 0, 0, 0, 0, 0, 0, 0, 20, 0, 20, 0, 0, 0, 0], [0, 0, 0, 0, 0, 0, 0, 0, 0, 0, 0, 0, 0, 0, 0, 0, 0, 0, 0, 0], [0, 0, 0, 0, 0, 0, 0, 0, 0, 0, -1, 0, 0, 0, 0, 0, 0, 0, 0, 0], [0, 0, 0, 10, 10, 10, 0, 0, -1, 0, -1, 0, 0, 0, 0, 0, 0, 0, 0, 0], [0, 0, 0, 10, 10, 10, 0, 0, -1, 0, 9, 0, 0, 0, 0, 0, 0, 0, 0, 0], [0, 0, 0, 10, 0, 0, 0, 0, -1, 0, -1, 0, 0, 0, 0, 0, 0, 0, 0, 0], [0, 0, 0, 0, 0, 0, 0, 0, -1, 0, -1, 0, 0, 0, 0, 0, 0, 0, 0, 0], [0, 0, 0, 0, 0, 0, 0, 0, -1, -1, -1, 0, 0, 0, 0, 0, 0, 0, 0, 0], [0, 0, 0, 0, 0, 0, 0, 0, 0, 0, 0, 0, 0, 0, 0, 0, 0, 0, 0, 0], [0, 0, 0, 0, 0, 0, 0, 0, 0, 0, 0, 0, 0, 0, 0, 0, 0, 0, 0, 0], [0, 0, 10, 0, -1, 0, 0, 0, 0, 0, 0, 0, 0, 0, 0, 0, 10, 10, 10, 0], [0, 10, 10, 0, -1, 0, 0, 0, 0, 0, 0, 0, 0, 0, 0, 0, 10, 10, 10, 0], [0, 10, 10, 0, -1, 0, 0, 0, 0, 0, 0, 0, 0, 0, 0, 0, 10, 10, 10, 0], [0, 0, 0, 10, 9, 9, 9, 0, 0, 0, 0, 0, 0, 0, 0, 0, 10, 0, 0, 0], [0, 0, 0, 0, -1, 0, 0, 0, 0, 0, 0, 0, 0, 0, 0, 0, 0, 0, 0, 0]], [[11, 11, 11, 11, 11, 11, 0, 0, 0, 0, 0, 0, 0, 0, 0, 0, 0, 0, 0, 0], [11, 11, 11, 11, 11, 11, 21, 21, 0, 0, 21, 21, 1, 1, 1, 1, 7, 0, 0, 0], [11, 21, 21, 11, 11, 21, 21, 21, 0, 21, 21, 21, 1, -1, 0, 8, 0, 21, 0, 0], [21, 0, 21, 11, 11, 11, 21, 21, 21, 21, 21, 21, 1, 6, 1, 1, 0, 0, 21, 0], [21, 21, -1, -1, -1, -1, -1, 21, 21, 21, 21, -1, 21, -1, 21, 0, 0, 0, 0, 0], [0, -1, -1, 21, 21, 21, 21, 21, 0, 21, 21, 21, 21, -1, 0, -1, 21, 0, 21, 0], [-1, -1, -1, 21, 21, 21, 21, 21, 0, 21, 0, 21, 21, 21, 21, 21, 21, 0, 21, 0], [0, 21, 1, 1, 1, 1, 1, 21, 21, 2, -1, 21, 21, 0, 0, -1, -1, 0, 0, 0], [0, 0, 1, -1, -1, -1, 1, 21, -1, -1, -1, 21, 21, 21, 7, 21, 21, 21, 21, 0], [0, 21, 1, -1, 0, -1, 8, -1, -1, -1, -1, -1, 0, 0, -1, 0, 21, 0, 0, 0], [0, 0, 1, 6, 1, 1, 1, 0, -1, -1, -1, 21, 21, 21, 21, 0, 0, 0, 0, 0], [0, 0, 0, 0, 0, 0, 0, 0, -1, -1, -1, 21, 0, 21, 21, 0, 0, 0, 0, 0], [0, 0, 0, 0, 0, 21, 0, 0, -1, -1, -1, 0, 21, 21, 0, 0, 0, 0, 0, 0], [0, 0, 0, 0, 21, 21, 21, 0, 0, 0, 0, 0, 0, 0, 0, 0, 0, 0, 0, 0], [0, 0, 0, 0, 21, 21, 21, 0, 0, 0, 0, 0, 0, 0, 0, 1, 1, 1, 1, 1], [1, 1, 7, 1, -1, 21, 0, 0, 0, 0, 0, 0, 0, 0, 0, 1, -1, 5, -1, 1], [1, -1, -1, 1, -1, 21, 0, 0, 0, 0, 0, 0, 0, 0, 0, 6, -1, -1, -1, 1], [1, -1, -1, 1, -1, 21, 21, 21, 0, 0, 0, 0, 0, 0, 0, 7, -1, -1, 4, 1], [1, 0, 3, -1, -1, -1, -1, 0, 0, 0, 0, 0, 0, 0, 0, 1, -1, 0, 0, 1], [1, 1, 1, 1, -1, -1, 0, 0, 0, 0, 0, 0, 0, 0, 0, 1, 1, 1, 1, 1]]]
			},
			{
				"name": "Floating Island",
				"highscore": 0,
				"currentscore": 0,
				"unlocked": false,
				"data": [[[-1, -1, -1, -1, -1, -1, -1, -1, -1, -1, -1, -1, -1, -1, -1, -1, -1, -1, -1, -1], [-1, -1, -1, -1, 20, 20, 20, 20, 20, 20, 20, 20, -1, -1, -1, -1, 0, 0, -1, -1], [-1, -1, 20, 20, 0, 0, 0, 0, 0, 0, 0, 0, 20, -1, -1, 20, 0, 0, 0, -1], [-1, 20, 0, 0, 0, 0, 0, 0, 0, 0, 0, 0, 0, 20, 20, 20, 0, 0, 0, 0], [-1, -1, 20, 0, 0, 0, 0, 0, 0, 0, 0, 0, 0, 20, -1, -1, 0, 0, 0, 0], [0, -1, -1, 20, 0, 0, 0, 0, 0, 0, 0, 0, 0, 0, 20, -1, 0, 0, 0, -1], [0, 0, -1, 20, 0, 0, 0, 0, 0, 0, 0, 0, 0, 0, 20, -1, -1, -1, -1, -1], [0, 0, -1, -1, 20, 0, 0, 0, 0, 0, 0, 0, 0, 0, 0, 20, -1, -1, -1, -1], [0, 0, -1, -1, 20, 0, 0, 0, 0, 0, 20, 20, 0, 0, 0, 20, -1, 0, 20, -1], [0, 0, 20, -1, -1, 20, 20, 0, 0, 0, 20, -1, 20, 0, 0, 20, -1, -1, 0, -1], [0, 0, -1, -1, -1, -1, -1, 20, 0, 0, 20, -1, -1, 20, 20, -1, -1, -1, -1, -1], [0, 0, -1, -1, -1, -1, -1, -1, 20, 0, 20, 20, -1, -1, -1, -1, -1, 0, -1, -1], [0, 0, -1, -1, 20, 0, -1, -1, -1, 20, -1, -1, -1, -1, -1, -1, 20, 0, -1, -1], [10, 10, 10, 10, -1, 0, 0, -1, -1, -1, -1, -1, 10, 10, 10, -1, -1, 0, 20, -1], [10, 10, 10, 10, -1, -1, 0, 0, 20, -1, 10, -1, 10, 10, 10, -1, -1, -1, -1, -1], [10, 10, 10, 10, -1, -1, -1, -1, 0, -1, -1, -1, -1, -1, -1, -1, -1, -1, -1, -1], [10, 10, 10, -1, -1, 20, 0, -1, -1, -1, 10, 10, 9, 10, -1, -1, -1, -1, -1, -1], [10, 10, 10, 9, 9, 9, 9, 9, -1, -1, 10, 10, 10, 10, -1, -1, -1, -1, -1, -1], [10, 10, 10, -1, -1, 0, 20, 9, 9, -1, 10, 10, 10, 10, -1, -1, -1, -1, -1, -1], [10, 10, 10, 10, -1, -1, -1, -1, -1, -1, -1, -1, -1, -1, -1, -1, -1, -1, -1, -1]], [[-1, -1, -1, -1, -1, -1, -1, -1, -1, -1, -1, -1, -1, -1, -1, -1, -1, -1, -1, -1], [-1, -1, -1, -1, 21, 21, -1, 21, 21, -1, -1, 21, -1, -1, -1, -1, -1, -1, -1, -1], [-1, -1, 21, -1, 0, 0, 0, 0, 0, 0, 8, 0, -1, -1, -1, -1, -1, 8, 7, -1], [-1, 21, 0, 0, 0, 0, 0, 0, 0, 0, 0, 0, 0, -1, -1, -1, -1, 8, 6, -1], [-1, -1, 21, 0, 0, 0, 5, 0, 0, 0, 0, 0, 0, -1, -1, -1, -1, 8, -1, -1], [-1, -1, -1, -1, 0, 0, 0, 0, 0, 0, 4, 0, 0, 0, -1, -1, -1, -1, -1, -1], [-1, -1, -1, -1, 0, 0, 0, 0, 3, 0, 0, 0, 0, 0, -1, -1, -1, -1, -1, -1], [6, 8, -1, -1, -1, 0, 0, 0, 0, 0, 0, 0, 0, 0, 0, 21, -1, -1, -1, -1], [-1, -1, -1, -1, 21, 0, 0, 0, 0, 0, -1, 21, 0, 0, 0, 21, -1, 0, 21, -1], [-1, 8, 21, -1, -1, 21, -1, 0, 0, 0, -1, -1, -1, 0, 0, -1, -1, -1, -1, -1], [-1, -1, -1, -1, -1, -1, -1, 21, 0, 0, -1, -1, -1, -1, 21, -1, -1, -1, -1, -1], [7, 8, -1, -1, -1, -1, -1, -1, -1, -1, -1, 21, -1, -1, -1, -1, -1, 0, -1, -1], [-1, -1, -1, -1, 21, 0, -1, -1, -1, -1, -1, -1, -1, -1, -1, -1, -1, -1, -1, -1], [11, 11, 11, 11, -1, 0, 0, -1, -1, -1, -1, -1, -1, -1, -1, -1, -1, 0, 21, -1], [-1, -1, -1, 11, -1, -1, 0, 0, 21, -1, -1, -1, 8, -1, -1, -1, -1, -1, -1, -1], [-1, 2, -1, 11, -1, -1, -1, -1, 0, -1, -1, -1, -1, -1, -1, -1, -1, -1, -1, -1], [-1, -1, -1, -1, -1, -1, -1, -1, -1, -1, -1, -1, -1, -1, -1, -1, -1, -1, -1, -1], [-1, -1, -1, -1, -1, -1, -1, -1, -1, -1, -1, -1, -1, -1, -1, -1, -1, -1, -1, -1], [-1, -1, -1, -1, -1, -1, -1, -1, -1, -1, 8, -1, 8, -1, -1, -1, -1, -1, -1, -1], [11, 11, 11, 11, -1, -1, -1, -1, -1, -1, -1, -1, -1, -1, -1, -1, -1, -1, -1, -1]]]
			},
			{
				"name": "Branded",
				"highscore": 0,
				"currentscore": 0,
				"unlocked": false,
				"data": [[[-1, 10, 10, 10, 10, 10, 10, -1, -1, -1, -1, -1, -1, -1, -1, -1, -1, 20, 20, 0], [-1, 10, -1, -1, -1, -1, 9, -1, -1, -1, 0, 0, 10, 10, 10, 9, -1, 10, 10, 20], [-1, 10, -1, -1, 0, 20, 10, 20, 0, 0, 0, 0, 10, 20, 20, -1, -1, 20, 10, 20], [-1, 9, -1, 0, 0, 0, 20, 20, 20, 0, 0, 10, 10, 20, 10, -1, -1, -1, -1, -1], [-1, 10, -1, -1, 0, 0, 0, 0, 0, 0, 0, 10, 0, -1, -1, -1, -1, -1, 9, -1], [-1, 20, 20, 0, 0, 0, 0, 0, 0, 0, 0, 10, 0, -1, 10, 10, -1, 10, 10, 20], [-1, 0, 0, 0, 0, 0, 0, 0, 0, 0, 0, 10, 10, -1, 10, -1, -1, 20, 20, 20], [-1, 0, 0, 0, 0, 0, 0, 0, 0, 0, 0, 10, 0, -1, -1, -1, -1, 0, 0, 0], [-1, 20, 0, 0, 0, 0, 0, 0, 0, 0, 0, 10, 0, 20, 10, 20, 0, 0, 0, 0], [-1, 10, 20, 0, 0, 0, 0, 0, 0, 0, 0, 10, 0, 20, 10, 0, 20, 0, 0, 0], [-1, 20, 0, 0, 0, 0, 0, 0, 0, 0, 0, 10, 10, 10, 10, 0, 0, 0, 0, 0], [-1, 0, 0, 0, 0, 0, 0, 0, 0, 0, 10, 10, 10, -1, 10, 20, 20, 20, 0, 0], [-1, 0, 0, 0, 0, 0, 0, 0, 0, 0, 0, 9, 0, -1, 10, 10, 10, 20, 0, 0], [-1, 20, 20, 0, -1, -1, -1, -1, 0, 0, 0, 9, -1, 0, 20, 20, 10, 20, 0, 0], [-1, 10, 20, 0, -1, -1, -1, -1, 0, 0, 0, -1, -1, -1, 0, 20, 10, 20, 0, 0], [-1, 9, -1, -1, -1, -1, -1, -1, 0, 0, 0, 10, 20, 20, 20, 0, 10, 20, 0, 0], [-1, -1, -1, -1, -1, -1, -1, -1, 20, 20, 0, 10, 10, 10, 10, 20, 10, 20, 0, 0], [20, 10, 20, -1, -1, -1, 10, 10, 10, 10, 10, 10, 20, 20, 10, 10, 10, 20, 0, 0], [20, 10, 20, -1, -1, 10, 10, -1, 20, 20, 0, 0, 20, 0, 0, 0, 0, 20, 20, 0], [20, 10, 10, 9, -1, 10, -1, -1, 0, 0, 0, 0, 0, 0, 0, 0, 0, 0, 0, 0]], [[-1, -1, -1, -1, -1, -1, -1, -1, -1, -1, -1, -1, -1, -1, -1, -1, -1, -1, -1, 4], [-1, -1, -1, -1, -1, -1, -1, -1, -1, -1, 0, 0, -1, -1, -1, -1, -1, -1, 8, -1], [-1, -1, -1, -1, 0, -1, -1, -1, 0, 0, 0, 0, -1, -1, -1, -1, -1, -1, -1, -1], [-1, -1, -1, 1, 0, 0, -1, -1, -1, 0, 0, -1, -1, -1, -1, -1, -1, -1, -1, -1], [-1, -1, -1, -1, 1, 1, 1, 1, 1, 1, 1, -1, 1, -1, -1, -1, -1, -1, -1, -1], [-1, -1, -1, 0, 1, -1, 7, 7, 7, 7, 7, -1, 1, -1, 3, -1, -1, -1, -1, -1], [-1, 0, 0, 0, 1, 6, 8, 0, 0, 0, -1, -1, -1, -1, -1, -1, -1, -1, -1, -1], [-1, -1, 0, 0, 1, 6, 0, 1, 0, 0, 0, -1, 1, -1, -1, -1, -1, -1, 0, 0], [-1, -1, 0, 0, 1, 6, 0, 0, 1, 0, 0, -1, 1, -1, -1, -1, 0, 0, 0, 0], [-1, 8, -1, 0, 1, 6, -1, 0, 0, 1, 0, -1, 1, -1, -1, 0, -1, 0, 0, 0], [-1, -1, 0, 0, 1, 6, -1, 0, 0, 0, 11, 6, 11, 1, -1, 1, 1, 1, 1, 1], [-1, 0, 0, 0, 1, 6, -1, 0, 0, 0, 7, 2, 8, -1, -1, -1, -1, -1, 0, 1], [-1, 0, 0, 0, 1, 1, 1, 1, -1, 1, 11, -1, 11, -1, -1, -1, -1, -1, -1, 1], [-1, -1, -1, 0, -1, -1, -1, -1, 0, 0, 1, -1, -1, 1, -1, -1, 8, -1, 0, 1], [-1, -1, -1, 0, -1, -1, -1, -1, 0, 0, 1, -1, -1, -1, 1, -1, -1, -1, 0, 1], [-1, -1, -1, -1, -1, -1, -1, -1, 0, 0, 1, -1, -1, -1, -1, 1, -1, -1, 0, 1], [-1, -1, -1, -1, -1, -1, -1, -1, -1, -1, 1, -1, -1, -1, -1, -1, -1, -1, 0, 1], [-1, -1, -1, -1, -1, -1, -1, -1, -1, -1, -1, -1, -1, -1, -1, -1, -1, 1, 0, 1], [-1, 8, -1, -1, -1, -1, -1, -1, -1, -1, 1, 0, -1, 0, 0, 0, 0, -1, -1, 1], [5, -1, -1, -1, -1, -1, -1, -1, 0, 0, 1, 1, 1, 1, 1, 1, 1, 1, 1, 1]]]
			},
			{
				"name": "Tristram",
				"highscore": 0,
				"currentscore": 0,
				"unlocked": false,
				"data": [[[0, 0, 0, 0, 0, 0, 0, 10, 10, 10, 10, 10, 0, 0, 0, 0, 0, 0, 0, 0], [0, 10, 10, 10, 10, 0, 0, 10, 10, 10, 10, 10, 0, 0, 10, 10, 10, 10, 10, 0], [0, 10, 10, 10, 10, 0, 0, 0, 10, 10, 0, 0, 0, 0, 10, 10, 10, 10, 10, 0], [0, 10, 10, 10, 10, 20, 0, 20, 20, 20, 20, 0, 0, 0, 10, 10, 10, 10, 10, 0], [20, 20, 10, 10, 20, 20, 20, 20, 20, 20, 20, 20, 0, 0, 10, 10, 10, 10, 10, 0], [0, 20, 20, 20, 20, 20, 20, 20, 20, 20, 20, 20, 20, 0, 0, 0, 10, 10, 20, 0], [20, 20, 20, 10, 10, 20, 0, 10, 10, 0, 20, 20, 20, 20, 0, 20, 20, 20, 20, 20], [0, 20, 10, -1, -1, 20, 10, 9, 9, 10, 20, 20, 20, 20, 20, 20, 20, 20, 20, 20], [0, 20, 20, 10, 10, 20, 10, 9, 9, 10, 20, 20, 20, 20, 20, 20, 20, 20, 20, 20], [0, 0, 20, 20, 20, 20, 0, 10, 10, 0, 20, 20, 20, 20, 0, 0, 20, 20, 20, 20], [0, 0, 0, 0, 20, 20, 20, 20, 20, 20, 20, 20, 20, 0, 0, 0, 10, 10, 20, 20], [0, 10, 10, 10, 10, 20, 20, 20, 20, 20, 20, 20, 20, 0, 10, 10, 10, 10, 10, 0], [0, 10, 10, 10, 10, 20, 20, 20, 20, 20, 20, 20, 20, 0, 10, 10, 10, 10, 10, 0], [0, 10, 10, 10, 10, 0, 20, 20, 20, 20, 20, 20, 20, 0, 10, 10, 10, 10, 10, 0], [0, 10, 10, 10, 10, 0, 0, 20, 0, 20, 20, 20, 20, 0, 10, 10, 10, 10, 10, 0], [0, 10, 10, 10, 10, 0, 0, 0, 0, 0, 0, 0, 20, 0, 10, 10, 10, 10, 10, 0], [0, 10, 10, 10, 10, 10, 10, 10, 10, 0, 0, 20, 20, 0, 0, 0, 0, 0, 0, 0], [0, 10, 10, 10, 10, 10, 10, 10, 10, 10, 20, 20, 20, 0, 0, 0, 0, 0, 0, 0], [0, 10, 10, 10, 10, 10, 10, 10, 10, 10, 20, 20, 20, 20, 0, 0, 0, 0, 0, 0], [0, 0, 0, 0, 10, 10, 10, 10, 10, 0, 0, 0, 20, 0, 0, 0, 0, 0, 0, 0]], [[0, 0, 0, 0, 0, 0, -1, 11, -1, -1, -1, 11, 8, -1, 0, 0, 0, 0, 0, 0], [0, 11, 11, 7, 11, 0, -1, 11, -1, -1, 7, 11, 8, 0, 11, 11, 11, 7, 7, -1], [0, 11, -1, -1, 7, 0, 0, 0, -1, -1, 0, -1, 0, 0, 11, -1, -1, -1, 7, -1], [0, 11, -1, -1, 7, -1, 0, -1, -1, -1, -1, 0, 0, -1, 7, -1, -1, -1, 11, -1], [-1, 21, -1, -1, 21, -1, -1, -1, -1, 21, -1, -1, 0, -1, 7, 7, -1, -1, 7, -1], [0, -1, -1, 21, -1, 0, -1, 21, -1, -1, 21, 21, -1, 0, -1, 0, -1, -1, -1, 0], [-1, 21, -1, -1, -1, -1, -1, -1, -1, -1, -1, -1, -1, -1, -1, -1, -1, 8, 21, -1], [0, -1, -1, 2, -1, -1, -1, -1, 3, -1, -1, -1, 21, -1, -1, 21, -1, 21, -1, 8], [0, -1, 21, -1, -1, -1, -1, -1, -1, -1, 0, -1, -1, -1, -1, -1, -1, 21, 21, 21], [0, 0, -1, 21, -1, 21, -1, -1, -1, -1, -1, -1, -1, -1, 0, 0, 4, 21, 8, 21], [0, 0, 0, 0, -1, -1, -1, -1, 21, -1, -1, -1, 21, 0, 0, 0, -1, -1, -1, -1], [0, 11, 6, 11, 6, 21, 21, -1, -1, -1, -1, -1, -1, 0, 11, 11, 7, -1, 7, 0], [0, 11, -1, 8, 6, -1, -1, -1, 21, -1, -1, -1, -1, 0, 11, 7, -1, -1, 7, 0], [0, 11, -1, -1, 6, 0, -1, 21, -1, -1, -1, 21, -1, 0, 7, -1, -1, 7, 7, 0], [0, 6, -1, 6, 6, 0, 0, -1, 0, -1, -1, -1, -1, 0, 11, -1, -1, 8, 7, 0], [0, 6, -1, -1, 6, 11, -1, -1, 0, 0, 0, 0, -1, 0, 11, 6, 11, 11, 7, 0], [0, 11, 6, -1, -1, 11, 6, 11, 11, 0, 0, -1, -1, 0, 0, 0, 0, 0, 0, 0], [0, 11, -1, -1, -1, -1, -1, 6, -1, -1, -1, -1, -1, 0, 0, 0, 0, 0, 0, 0], [0, 11, 11, 11, 11, -1, -1, -1, -1, -1, 5, -1, 21, -1, 0, 0, 0, 0, 0, 0], [0, 0, 0, 0, 11, 6, 6, 6, 6, 0, 0, 0, -1, 0, 0, 0, 0, 0, 0, 0]]]
			},
			{
				"name": "Lonely Grove",
				"highscore": 0,
				"currentscore": 0,
				"unlocked": false,
				"data": [[[20, 20, 10, 10, 10, 20, 20, 20, 20, 20, 20, 20, 20, 20, 20, 20, 20, 20, 20, 20], [20, 20, 20, 20, 20, 20, 20, 20, 20, 20, 20, 20, 20, 0, 0, 20, 20, 20, 20, 20], [20, 20, 0, 0, 0, 20, 20, 20, 20, 20, 0, 0, 0, 0, 0, 0, 0, 20, 20, 20], [20, 20, 0, 10, 0, 20, 20, 20, 20, 20, 0, 0, 0, 20, 20, 0, 0, 20, 20, 20], [20, 20, 0, 0, 0, 20, 20, 20, 20, 0, 0, 0, 20, 20, 20, 20, 0, 20, 20, 20], [20, 20, 20, 0, 20, 20, 20, 20, 20, 0, 0, 0, 20, 20, 20, 0, 0, 20, 20, 20], [20, 20, 20, 0, 0, 20, 0, 20, 20, 20, 0, 20, 20, 20, 20, 20, 0, 0, 20, 20], [20, 20, 20, 20, 0, 20, 20, 20, 20, 20, 0, 20, 0, 20, 20, 20, 20, 0, 0, 20], [20, 20, 20, 20, 0, 0, 20, 20, 20, 20, 0, 20, 0, 20, 20, 20, 0, 0, 0, 20], [20, 20, 20, 20, 0, 20, 20, 20, 20, 0, 0, 20, 0, 20, 20, 20, 0, 0, 0, 0], [20, 20, 20, 20, 0, 0, 20, 20, 20, 0, 0, 0, 20, 20, 20, 20, 0, 0, 0, 0], [20, 20, 20, 20, 0, 0, -1, 9, 0, 0, 20, 20, 20, 20, 20, 20, 0, 20, 20, 20], [20, 20, 20, 20, 0, 0, -1, -1, 0, 0, 0, 20, 20, 20, 20, 20, 0, 20, 20, 20], [20, 20, 20, 0, 0, 20, 9, -1, 20, 20, 0, 20, 20, 0, 20, 20, 0, 20, 20, 20], [0, 0, 0, 0, 0, 20, 20, 20, 20, 20, 0, 20, 20, 0, 20, 0, 0, 0, 20, 20], [20, 0, 0, 0, 20, 20, 20, 20, 20, 0, 0, 20, 20, 20, 20, 0, 10, 0, 20, 20], [20, 0, 0, 0, 20, 20, 20, 20, 20, 0, 20, 20, 20, 20, 20, 0, 0, 0, 20, 20], [20, 20, 0, 20, 20, 20, 20, 20, 20, 0, 20, 20, 20, 20, 20, 20, 20, 20, 20, 20], [20, 20, 20, 0, 20, 20, 20, -1, 20, 0, 20, 20, 20, 20, 20, 20, 20, 20, 20, 20], [20, 20, 20, 0, 20, 20, 20, 20, 20, 20, 0, 20, 20, 20, 20, 20, 20, 20, 20, 20]], [[21, 21, 11, -1, 11, 21, 21, -1, 21, 21, 21, -1, 21, 21, 6, 7, 21, 21, -1, 21], [21, -1, 21, -1, 21, 21, -1, 21, 21, 21, 6, 21, 21, 0, 0, -1, 21, -1, 21, 21], [21, 21, -1, -1, -1, 21, 21, 21, 21, 6, -1, -1, -1, 0, 0, -1, -1, 21, 21, 21], [21, 21, -1, 2, -1, 6, 6, 6, 6, 21, -1, 0, 0, 7, 21, -1, -1, -1, 21, 21], [-1, 21, -1, -1, -1, 21, 21, 21, 21, -1, -1, 0, 21, 21, 21, -1, -1, -1, 21, -1], [-1, -1, 21, -1, -1, -1, 21, 21, 6, -1, -1, 0, 21, 21, 21, -1, -1, -1, 21, 21], [21, -1, 21, -1, -1, -1, 6, 21, 21, -1, -1, -1, 21, 21, 21, 7, -1, -1, -1, 21], [21, 21, 21, -1, -1, 21, 21, 21, 21, 21, -1, 21, 7, 21, 7, 21, -1, -1, 0, 21], [21, -1, 21, -1, -1, 6, 6, 21, 6, -1, -1, -1, 7, 21, 7, 21, -1, -1, 0, 21], [-1, -1, 21, -1, -1, 6, 21, 21, 21, 0, -1, -1, 7, 21, 21, 7, -1, -1, -1, 4], [21, 21, 21, -1, -1, -1, 6, 21, 21, -1, -1, 0, 7, 21, 21, 21, 0, 0, -1, 5], [21, 21, 21, -1, -1, -1, -1, -1, -1, -1, -1, 7, 21, 21, 21, -1, -1, 21, 21, -1], [21, 21, -1, 21, 0, 0, -1, -1, 0, -1, 0, 21, 21, 21, 21, -1, -1, -1, 21, -1], [21, 21, -1, -1, -1, 21, -1, -1, 21, -1, 0, 7, 21, 7, 7, -1, 0, -1, -1, -1], [0, 0, -1, -1, -1, 21, -1, 0, -1, 21, 0, 21, 21, 7, 21, 0, 0, 0, -1, 21], [-1, -1, -1, 0, 6, 6, 21, -1, -1, -1, -1, 7, 21, 21, -1, 0, 3, 0, -1, 21], [-1, -1, -1, 6, 21, 21, 21, 21, 21, 0, -1, 21, 21, 21, 21, 0, 0, 0, -1, 21], [21, -1, -1, 21, 21, 21, 21, 21, 21, 0, -1, 21, 21, 21, -1, -1, -1, -1, -1, 21], [21, -1, -1, -1, -1, -1, -1, -1, -1, 8, -1, 21, 21, 21, 21, 21, 21, 21, 21, 21], [21, 21, -1, -1, 21, 21, 21, 21, 21, 0, 0, -1, 21, 21, 21, 21, 21, 21, 21, -1]]]
			},
			{
				"name": "Bridge In The Sky",
				"highscore": 0,
				"currentscore": 0,
				"unlocked": false,
				"data": [[[20, 20, 20, 20, 20, -1, -1, -1, -1, 20, -1, -1, -1, -1, -1, 20, 20, 0, 20, 20], [20, 0, 10, 10, 20, -1, -1, -1, 20, 0, 20, -1, -1, -1, -1, 20, 0, 0, 0, 20], [20, 0, 10, 10, 20, 9, -1, 20, 0, 0, 0, 20, -1, -1, -1, 20, 0, 10, 0, 20], [20, 0, 10, 10, 20, 10, 10, 20, 0, 0, 0, 0, 20, 10, 10, 20, 0, 10, 0, 20], [20, 0, 0, 0, 20, 10, 10, 20, 0, 10, 10, 10, 20, 10, 10, 20, 10, 10, 0, 20], [20, 0, 9, 0, 20, -1, -1, 20, 0, 10, 0, 20, -1, -1, -1, 20, 0, 0, 0, 20], [20, 0, 0, 0, 20, -1, -1, -1, 20, 10, 20, -1, -1, -1, -1, 20, 0, 0, 0, 20], [20, 20, 20, 20, 20, -1, -1, -1, -1, 20, -1, -1, -1, -1, -1, 20, 20, 20, 20, 20], [10, -1, -1, -1, -1, -1, -1, -1, -1, 10, -1, -1, -1, -1, -1, 10, -1, -1, -1, 10], [10, 10, 10, -1, -1, -1, 10, 9, 9, -1, 9, 10, 10, 10, -1, 10, 10, 9, 10, 9], [9, -1, 10, 10, 10, 10, 10, 9, -1, 9, 9, 10, -1, 10, -1, -1, -1, -1, -1, 10], [10, -1, -1, -1, -1, -1, -1, -1, 10, -1, -1, -1, -1, 10, 10, 10, 10, 10, 10, 10], [20, 20, 20, 20, 20, 20, 20, 20, 10, 20, 20, -1, -1, -1, -1, -1, -1, -1, -1, -1], [20, 0, 0, 0, 0, 0, 0, 0, 10, 0, 20, 10, 20, 20, 20, 20, 20, -1, -1, -1], [20, 0, 9, 0, 0, 0, 0, 0, 10, 0, 0, 10, 10, 10, 10, 10, 10, 20, -1, -1], [20, 0, 0, 0, 0, 0, 0, 0, 10, 10, 10, 10, 10, 10, 10, 10, 10, 10, 20, -1], [20, 10, 10, 10, 0, 0, 0, 0, 10, 10, 10, 10, 10, 10, 10, 10, 10, 20, 20, -1], [20, 10, 10, 10, 0, 9, 0, 0, 0, 0, 0, 10, 10, 10, 10, 20, 20, 20, -1, -1], [20, 10, 10, 10, 0, 0, 0, 0, 0, 20, 20, 10, 20, 20, 20, 20, -1, -1, -1, -1], [20, 20, 20, 20, 20, 20, 20, 20, 20, 20, 20, -1, -1, -1, -1, -1, -1, -1, -1, -1]], [[-1, -1, -1, -1, -1, -1, -1, -1, -1, -1, -1, -1, -1, -1, -1, -1, -1, 0, -1, -1], [-1, 11, -1, -1, -1, -1, -1, -1, -1, 0, -1, -1, -1, -1, -1, -1, 11, 6, 11, -1], [-1, 11, 4, -1, -1, -1, -1, -1, 0, 0, 0, -1, -1, -1, -1, -1, 11, 3, 11, -1], [-1, 11, -1, -1, -1, -1, -1, -1, 0, 0, 0, 0, -1, -1, -1, -1, 11, -1, 11, -1], [-1, 0, 0, 0, -1, -1, -1, -1, 0, -1, -1, -1, -1, -1, -1, -1, -1, -1, 0, -1], [-1, 0, -1, 0, -1, -1, -1, -1, 0, -1, 0, -1, -1, -1, -1, -1, 0, 0, 0, -1], [-1, 0, 0, 0, -1, -1, -1, -1, -1, -1, -1, -1, -1, -1, -1, -1, -1, 0, -1, -1], [-1, -1, -1, -1, -1, -1, -1, -1, -1, -1, -1, -1, -1, -1, -1, -1, -1, -1, -1, -1], [-1, -1, -1, -1, -1, -1, -1, -1, -1, -1, -1, -1, -1, -1, -1, -1, -1, -1, -1, -1], [6, -1, -1, -1, -1, -1, 7, 7, -1, -1, -1, 8, 7, 7, -1, -1, -1, -1, -1, 7], [6, -1, -1, -1, 6, 6, 8, -1, -1, -1, 6, 6, -1, -1, -1, -1, -1, -1, -1, 7], [-1, -1, -1, -1, -1, -1, -1, -1, -1, -1, -1, -1, -1, -1, -1, -1, -1, -1, -1, -1], [-1, -1, -1, -1, -1, -1, -1, -1, -1, -1, -1, -1, -1, -1, -1, -1, -1, -1, -1, -1], [-1, 0, 0, 0, 0, 0, 0, 0, -1, 0, -1, 11, -1, -1, -1, -1, -1, -1, -1, -1], [-1, 0, -1, 0, 0, 0, 0, 0, -1, 0, 0, 11, -1, -1, -1, -1, -1, -1, -1, -1], [-1, 0, 0, 0, 0, 0, 0, 0, -1, -1, -1, -1, -1, -1, -1, -1, 2, -1, -1, -1], [-1, 11, -1, -1, 0, 0, 0, 0, -1, -1, -1, -1, -1, -1, -1, -1, -1, -1, -1, -1], [-1, 11, 5, -1, 0, -1, 0, 0, 0, 0, 0, 11, -1, -1, -1, -1, -1, -1, -1, -1], [-1, 11, -1, -1, 0, 0, 0, 0, 0, -1, -1, 11, -1, -1, -1, -1, -1, -1, -1, -1], [-1, -1, -1, -1, -1, -1, -1, -1, -1, -1, -1, -1, -1, -1, -1, -1, -1, -1, -1, -1]]]
			},
			{
				"name": "Slice Of a Tree",
				"highscore": 0,
				"currentscore": 0,
				"unlocked": false,
				"data": [[[20, 20, 0, -1, -1, -1, -1, -1, 20, 20, 20, 20, 20, 20, 10, 10, 0, 20, 20, 20], [20, 20, 20, 20, 0, 10, 10, 0, 20, 20, 20, 0, -1, -1, -1, -1, 0, 20, 0, 0], [0, 20, 20, 20, 20, -1, -1, 0, 20, 20, 0, -1, -1, -1, 0, 0, 0, 20, -1, -1], [10, -1, 0, 20, 20, -1, -1, 0, 20, 20, -1, -1, -1, 0, 20, 20, 20, 20, -1, -1], [10, -1, -1, 20, 20, 0, -1, 0, 20, 20, 0, 0, 0, 20, 20, 20, 20, 20, -1, -1], [20, -1, -1, 0, 20, 9, 9, 20, 20, 9, 9, 20, 20, 20, 0, 0, -1, -1, -1, -1], [20, 0, -1, -1, 9, 10, 10, 10, -1, 10, 20, 9, 20, 0, 0, -1, -1, -1, -1, -1], [20, 20, -1, -1, 9, 20, 10, 10, -1, 10, -1, 9, 0, 0, 0, -1, -1, -1, -1, -1], [20, 20, 0, 0, 20, 10, 20, 10, 10, -1, 10, 20, 20, 0, -1, -1, -1, -1, -1, -1], [-1, 20, 20, 20, 20, 20, 10, 20, 10, -1, 10, 20, 20, 20, -1, -1, -1, -1, -1, -1], [20, 0, 20, 20, 9, 10, 20, 10, 20, 10, 10, 9, 20, 20, 0, -1, -1, -1, -1, -1], [10, -1, -1, -1, 9, 20, 20, 20, 10, 20, 10, 9, 0, 20, 20, 0, -1, -1, -1, -1], [10, -1, -1, -1, 20, 9, 9, 20, 20, 9, 9, 20, 0, 0, 20, 20, 0, -1, -1, -1], [20, 20, 20, 20, 20, 20, 20, 20, 0, -1, 0, 20, 20, -1, 0, 20, 20, 20, 0, -1], [20, 20, 20, 20, 20, 20, 20, 20, 0, -1, -1, 0, 20, -1, -1, 0, 0, 20, 20, -1], [-1, 0, 0, 20, 20, 20, 0, 20, 20, 20, -1, -1, 20, -1, -1, -1, -1, 0, 20, -1], [-1, -1, -1, -1, -1, -1, -1, -1, 20, 0, -1, -1, 20, 0, -1, -1, -1, -1, 20, -1], [-1, -1, -1, -1, -1, -1, -1, -1, 20, 20, -1, -1, 20, 20, 0, -1, -1, -1, -1, -1], [-1, -1, -1, -1, -1, 10, 10, -1, -1, 20, 0, -1, 0, 20, 20, 20, 20, -1, -1, -1], [-1, -1, -1, -1, -1, -1, -1, -1, 20, 20, 20, -1, -1, 0, -1, -1, -1, -1, -1, -1]], [[21, 21, 0, -1, -1, -1, -1, -1, 21, -1, -1, -1, -1, -1, -1, -1, 0, 21, 4, 21], [-1, -1, -1, -1, -1, -1, -1, 0, -1, -1, 21, 21, -1, -1, -1, -1, 0, -1, 0, 0], [0, 21, 21, -1, 21, -1, -1, 21, 21, 21, 21, -1, -1, -1, 0, 0, 0, 21, -1, -1], [-1, -1, -1, 21, 21, -1, -1, 0, 21, 21, -1, -1, -1, 0, 21, -1, -1, 21, -1, -1], [-1, -1, -1, 21, 21, -1, -1, 0, 21, -1, -1, -1, 0, -1, -1, -1, 21, 21, -1, -1], [-1, -1, -1, -1, -1, 7, 7, 1, 1, 6, 7, -1, -1, -1, 0, 0, -1, -1, -1, -1], [-1, 21, -1, -1, 6, -1, -1, -1, -1, 6, 1, 7, -1, 0, 0, -1, -1, -1, -1, -1], [-1, 21, -1, -1, 6, -1, -1, 11, -1, 8, -1, 7, 7, 7, 8, -1, -1, -1, -1, -1], [-1, -1, 0, -1, 1, -1, 0, 11, 2, -1, -1, -1, -1, 0, -1, -1, -1, -1, -1, -1], [-1, 21, 21, -1, 1, -1, -1, 11, 11, -1, -1, -1, -1, -1, -1, -1, -1, -1, -1, -1], [-1, -1, -1, -1, 6, -1, -1, -1, -1, -1, -1, 7, -1, -1, 8, -1, -1, -1, -1, -1], [-1, -1, -1, -1, 6, -1, -1, -1, -1, -1, -1, 7, 0, -1, -1, -1, -1, -1, -1, -1], [-1, -1, -1, -1, 21, 6, 6, 1, 1, 6, 6, -1, 0, -1, -1, 21, -1, -1, -1, -1], [-1, -1, 21, 21, -1, -1, -1, 21, 0, -1, 0, 0, -1, -1, -1, 21, -1, 21, -1, -1], [21, -1, -1, -1, -1, 21, -1, -1, 0, -1, -1, -1, 0, -1, -1, 0, -1, -1, -1, -1], [-1, -1, -1, 21, 21, 21, -1, -1, -1, -1, -1, -1, -1, -1, -1, -1, -1, -1, 21, -1], [-1, -1, -1, -1, -1, -1, -1, -1, -1, 8, -1, -1, -1, 0, -1, -1, -1, -1, 21, -1], [-1, -1, -1, -1, 6, 6, 6, 6, -1, -1, -1, -1, -1, -1, 0, -1, -1, -1, -1, -1], [-1, -1, -1, -1, 6, 5, 3, -1, -1, 8, 0, -1, -1, 8, -1, -1, 21, -1, -1, -1], [-1, -1, -1, -1, 6, 6, 6, 6, 21, 21, 21, -1, -1, 8, -1, -1, -1, -1, -1, -1]]]
			},
			{
				"name": "Ring Of Power",
				"highscore": 0,
				"currentscore": 0,
				"unlocked": false,
				"data": [[[10, 10, 0, 0, 0, 0, 0, 10, 0, 10, -1, 10, -1, -1, -1, -1, 10, 0, 10, 10], [10, 0, 10, 0, 10, 0, 10, 10, 0, -1, -1, 0, 10, -1, -1, -1, 10, 10, 0, 10], [0, 10, 10, 0, 0, 0, 0, 10, 0, 10, -1, 10, -1, -1, -1, -1, 10, 10, 10, 0], [-1, -1, -1, -1, -1, -1, -1, -1, -1, 10, -1, -1, -1, -1, -1, -1, -1, 0, 0, 0], [-1, 10, -1, -1, -1, -1, -1, -1, -1, 10, -1, -1, -1, -1, -1, -1, -1, 0, 0, 0], [-1, -1, -1, -1, -1, -1, -1, -1, -1, 10, 10, -1, -1, -1, -1, -1, -1, 0, 10, 0], [-1, 10, -1, -1, -1, -1, -1, -1, -1, -1, 10, -1, -1, -1, -1, -1, -1, 10, 10, 10], [10, 10, 10, -1, -1, -1, -1, 0, 0, 0, 0, 0, 20, -1, -1, -1, -1, 0, 0, 0], [-1, -1, -1, -1, -1, -1, -1, 0, 0, 0, 0, 0, 20, -1, -1, -1, -1, 10, 10, 10], [10, 10, 10, -1, 10, 10, -1, 0, 0, 0, 0, 0, 20, -1, -1, -1, -1, 0, 10, 0], [-1, 10, -1, -1, -1, 10, 10, 0, 0, 0, 0, 0, 20, -1, -1, -1, -1, 0, 0, 0], [-1, -1, -1, -1, -1, -1, -1, 0, 0, 0, 0, 0, 20, -1, 20, 20, 20, 0, 10, 0], [-1, 10, -1, -1, -1, -1, -1, 20, 20, 20, 20, 20, 20, -1, -1, -1, -1, 10, 10, 10], [10, 10, 10, -1, -1, -1, -1, -1, -1, -1, -1, -1, -1, -1, -1, -1, -1, 0, 0, 0], [-1, -1, -1, -1, -1, -1, -1, -1, -1, -1, -1, 20, -1, -1, -1, -1, -1, 10, 10, 10], [10, 10, 10, -1, -1, -1, -1, -1, -1, -1, -1, 20, -1, -1, -1, -1, -1, 0, 0, 0], [0, 0, 0, -1, -1, -1, -1, -1, -1, -1, -1, 20, -1, -1, -1, -1, -1, 0, 0, 0], [0, 10, 10, 0, 0, 10, 0, 10, 0, 0, 0, 10, 0, 10, 0, 0, 0, 10, 10, 0], [10, 0, 10, 0, 0, 10, 0, 10, 10, 0, 10, 10, 0, 10, 10, 0, 0, 10, 0, 10], [10, 10, 0, 0, 0, 10, 0, 10, 0, 0, 0, 10, 0, 10, 0, 0, 0, 0, 10, 10]], [[-1, -1, 0, 0, 0, 0, 0, -1, 0, 7, -1, -1, -1, -1, -1, -1, -1, 0, -1, -1], [-1, 8, -1, 0, -1, 0, -1, -1, 0, -1, -1, 2, -1, -1, -1, -1, -1, -1, 8, -1], [0, -1, -1, 0, 0, 0, 0, -1, -1, 8, -1, -1, -1, -1, -1, -1, -1, -1, -1, 0], [-1, -1, -1, -1, -1, -1, -1, -1, -1, 6, -1, -1, -1, -1, -1, -1, -1, 0, 0, 0], [-1, 8, -1, -1, -1, -1, -1, -1, -1, -1, -1, -1, -1, -1, -1, -1, -1, 0, 0, 0], [-1, -1, -1, -1, -1, -1, -1, -1, -1, -1, -1, -1, -1, -1, -1, -1, -1, -1, -1, 0], [-1, 8, -1, -1, -1, -1, -1, -1, -1, -1, 6, -1, -1, -1, -1, -1, -1, -1, -1, -1], [-1, -1, -1, -1, -1, -1, -1, 1, 1, 1, 6, 1, 1, -1, -1, -1, -1, -1, 0, 0], [-1, -1, -1, -1, -1, -1, -1, 1, 11, 11, 6, 11, 21, -1, -1, -1, -1, -1, -1, -1], [-1, -1, -1, -1, 8, -1, -1, 1, 11, 21, 0, 0, -1, -1, -1, -1, -1, -1, -1, 0], [-1, 8, -1, -1, -1, -1, -1, 7, 7, 0, 7, 8, -1, -1, -1, -1, -1, 0, 0, 0], [-1, -1, -1, -1, -1, -1, -1, 1, 11, 0, 8, 6, -1, -1, 4, -1, -1, 0, -1, 0], [-1, -1, -1, -1, -1, -1, -1, 1, 21, -1, -1, -1, 21, -1, -1, -1, -1, -1, -1, -1], [-1, 8, -1, -1, -1, -1, -1, -1, -1, -1, -1, -1, -1, -1, -1, -1, -1, 0, 0, 0], [-1, -1, -1, -1, -1, -1, -1, -1, -1, -1, -1, 5, 0, -1, -1, -1, -1, -1, -1, -1], [-1, -1, -1, -1, -1, -1, -1, -1, -1, -1, -1, -1, -1, -1, -1, -1, -1, 0, 0, 0], [0, 0, 0, -1, -1, -1, -1, -1, -1, -1, -1, -1, -1, -1, -1, -1, -1, 0, 0, 0], [0, -1, -1, 0, 0, -1, 0, -1, 0, 0, 0, -1, 0, -1, 0, 0, 0, -1, -1, 0], [-1, 8, -1, 0, 0, -1, 0, -1, -1, 0, -1, -1, 0, -1, -1, 0, 0, -1, 3, -1], [-1, -1, 0, 0, 0, -1, 0, -1, 0, 0, 0, -1, 0, -1, 0, 0, 0, 0, -1, -1]]]
			},
			{
				"name": "Broken Castle II",
				"highscore": 0,
				"currentscore": 0,
				"unlocked": false,
				"data": [[[10, 10, 10, 10, 10, 10, 10, 10, 10, 10, 10, 10, 10, 10, 10, 10, 10, 20, -1, -1], [10, 10, 10, 10, 10, 10, 10, 10, 10, 10, 10, 10, 10, 10, 10, 10, 20, 20, -1, -1], [10, 10, 10, -1, 10, 20, 9, 0, 0, 20, 0, 20, 20, 10, 10, 10, 20, 20, -1, -1], [10, 10, 10, 10, -1, 20, 9, 0, 0, 20, 0, 20, 0, 10, 10, 10, 10, 20, -1, -1], [10, 10, 10, 10, 10, 10, 20, 20, 0, 0, 0, 0, 20, 10, 10, 10, 10, 20, -1, -1], [10, 10, 20, 20, 20, 10, 10, 20, 0, 0, 0, 0, 20, 10, 10, 10, 20, 20, -1, -1], [10, 10, 20, 0, 20, 20, 10, 10, 20, 20, 0, 0, 0, 10, 10, 10, 20, 20, -1, -1], [10, 10, 0, 0, 0, 20, 20, 10, 10, 20, 20, 0, 0, 10, 10, 10, 10, 20, -1, -1], [10, 10, 20, 20, 0, 0, 0, 20, 10, 10, 20, 20, 20, 10, 10, 10, 10, 20, -1, -1], [10, 10, 0, 0, 0, 0, 0, 20, 20, 10, 10, 20, 20, 10, 10, 10, 10, 20, -1, -1], [10, 10, 20, 0, 0, 0, 0, 0, 20, 20, 10, 10, 10, 10, 10, 10, 10, 20, -1, -1], [10, 10, 20, 20, 0, 20, 20, 0, 20, 9, 20, 10, 10, 10, 10, 10, 10, 20, -1, -1], [10, 10, 10, 10, 10, 10, 10, 10, 10, 10, 10, 10, 10, 10, 10, 10, 20, 20, -1, -1], [10, 10, 10, 10, 10, 10, 10, 10, 10, 10, 10, 10, 10, 10, 10, 10, 10, 20, -1, -1], [10, 10, 10, 10, 10, 10, 10, 10, 10, 10, 10, 10, 10, 10, 10, 20, 20, 0, 0, -1], [10, 10, 20, 20, 10, 10, 20, 20, 10, 10, 10, 10, 10, 20, 10, 20, 20, 20, 0, 20], [20, 20, 20, 20, 20, 20, 20, 20, 20, 20, 20, 20, 20, 20, 20, 0, 20, 20, 20, 20], [-1, -1, -1, -1, -1, -1, -1, -1, -1, -1, -1, -1, -1, 20, 20, 20, 0, 0, 0, -1], [-1, -1, -1, -1, -1, -1, -1, -1, -1, -1, -1, -1, -1, -1, 0, 20, 0, 20, -1, -1], [-1, -1, -1, -1, -1, -1, -1, -1, -1, -1, -1, -1, -1, -1, -1, 20, 0, -1, -1, -1]], [[11, -1, -1, -1, -1, -1, -1, -1, 11, 11, 11, -1, -1, 11, 11, 11, 11, -1, -1, -1], [11, -1, 8, 8, 8, 8, -1, -1, -1, -1, -1, -1, -1, 4, -1, 11, -1, -1, -1, -1], [11, -1, 11, -1, 11, 8, -1, 0, 0, 11, 0, -1, -1, -1, -1, 11, -1, -1, -1, -1], [-1, -1, -1, -1, -1, 8, -1, 0, 0, 11, 0, -1, 0, -1, -1, 11, 11, -1, -1, -1], [-1, -1, 11, -1, 11, 7, 7, 7, 0, 0, 3, 0, 7, 11, -1, 11, 11, -1, -1, -1], [11, -1, -1, -1, 6, -1, -1, 21, 0, 0, 0, 0, 11, 11, -1, 11, -1, -1, -1, -1], [11, -1, -1, 0, 6, -1, -1, -1, -1, 21, 0, 0, 0, -1, -1, 11, -1, -1, -1, -1], [11, -1, 0, 0, 6, 21, 21, -1, -1, -1, -1, -1, 0, -1, -1, 11, 11, -1, -1, -1], [11, -1, -1, 11, 11, 0, 0, 21, -1, -1, 21, -1, -1, -1, -1, -1, 11, -1, -1, -1], [-1, -1, 0, 0, 6, 2, 0, 8, 21, -1, -1, -1, 21, -1, -1, -1, 11, -1, -1, -1], [-1, -1, -1, 0, 6, 0, 0, 0, 6, 8, -1, -1, 6, 6, 6, -1, 11, -1, -1, -1], [11, -1, -1, 5, 6, 6, 11, 0, 21, -1, 21, 7, -1, -1, -1, 11, 11, -1, -1, -1], [11, -1, -1, -1, -1, 11, 11, -1, -1, -1, -1, 7, -1, -1, -1, 11, -1, -1, -1, -1], [11, -1, -1, -1, -1, -1, -1, -1, -1, -1, -1, 7, -1, -1, -1, -1, -1, -1, -1, -1], [11, 11, 11, 11, 11, 11, 11, 11, 11, -1, -1, -1, 11, 11, -1, -1, -1, 0, -1, -1], [11, 11, -1, -1, 11, 11, -1, -1, 11, 11, 11, 11, 11, -1, -1, -1, -1, -1, -1, -1], [-1, -1, -1, -1, -1, -1, -1, -1, -1, -1, -1, -1, -1, -1, -1, 0, -1, -1, -1, -1], [-1, -1, -1, -1, -1, -1, -1, -1, -1, -1, -1, -1, -1, -1, -1, -1, 0, 0, -1, -1], [-1, -1, -1, -1, -1, -1, -1, -1, -1, -1, -1, -1, -1, -1, 0, -1, 0, -1, -1, -1], [-1, -1, -1, -1, -1, -1, -1, -1, -1, -1, -1, -1, -1, -1, -1, -1, 0, -1, -1, -1]]]
			}
		]
	},

	{
		"name": "Relax",
		"maps": [
			{
				"name": "Floor Repair I.",
				"highscore": 0,
				"currentscore": 0,
				"unlocked": true,
				"data": [[[0, 0, 0, 0, 0, 0, 0, 0, 0, 0, 0, 0, 0, 0, 0, 0, 0, 0, 0, 0], [0, 0, 0, 0, 0, 0, 0, 0, 0, 0, 0, 0, 0, 0, 0, 0, 0, 0, 0, 0], [0, 0, 0, 0, 0, 0, 0, 0, 0, 0, 0, 0, 0, 0, 0, 0, 0, 0, 0, 0], [0, 0, 0, 0, -1, 0, 0, 0, 0, 0, 0, 0, 0, 0, 0, 0, 0, -1, 0, 0], [0, 0, 0, 0, 0, 0, 0, 0, -1, 0, 0, 0, 0, -1, 0, 0, 0, 0, 0, 0], [0, 0, 0, 0, 0, 0, 0, 0, 0, 0, 0, 0, 0, 0, 0, 0, -1, 0, 0, 0], [0, 0, -1, 0, 0, 0, 0, 0, 0, 0, 0, 0, 0, 0, 0, 0, 0, 0, 0, 0], [0, 0, 0, 0, 0, 0, -1, 0, 0, 0, 0, 0, 0, 0, 0, 0, 0, 0, 0, 0], [0, 0, 0, 0, 0, 0, 0, 0, 0, 0, 10, 10, 0, 0, 0, 0, -1, 0, 0, 0], [0, 0, 0, 0, 0, 0, 0, 0, 10, 10, 10, 0, 0, 0, 0, 0, 0, 0, 0, 0], [0, 0, 0, 0, 0, 0, 0, -1, 10, 10, 10, 10, 0, 0, 0, 0, 0, 0, 0, 0], [0, 0, 0, 0, 0, 0, 0, 0, 0, 0, 10, 0, 0, 0, 0, 0, -1, -1, 0, 0], [0, 0, 0, 0, -1, 0, 0, 0, 0, 0, 10, 0, 0, 0, 0, 0, -1, 0, 0, 0], [0, 0, 0, 0, 0, 0, 0, 0, 0, 0, 10, 0, 0, 0, 0, -1, 0, 0, 0, 0], [0, 0, 0, 0, 0, 0, 0, 0, 0, 0, 10, 0, 0, 0, 0, 0, 0, 0, 0, 0], [0, 0, 0, 0, 0, 0, 0, 0, 0, -1, 10, 0, 0, 0, 0, 0, 0, 0, 0, 0], [0, 0, 0, 0, 0, 0, -1, 0, 0, 0, 10, 0, 0, 0, 0, -1, -1, 0, 0, 0], [0, 0, 0, 0, 0, 0, 0, 0, 0, 0, 10, 10, 0, 0, 0, 0, 0, 0, 0, 0], [0, 0, 0, 0, 0, 0, 0, 0, 0, 0, 0, 10, -1, 10, 10, 10, 0, 0, 0, 10], [0, 0, 0, 0, 0, 0, 0, 0, 0, 0, 0, 0, 0, 0, 0, 10, 10, 10, 10, 10]], [[21, 21, 21, 21, 21, 21, 21, 0, 0, 0, 0, 0, 0, 0, 0, 0, 0, -1, 21, 21], [21, 21, 4, 21, 0, 0, 0, 0, 0, 0, 0, 0, 0, 0, 0, 0, 0, 0, -1, 21], [21, 5, 0, 0, 0, 0, 0, 0, 0, 0, 0, 0, 1, 8, 1, 0, 0, 0, 0, -1], [21, 21, 0, 0, -1, 0, 8, 0, 0, 0, 0, 0, 0, 0, 0, 0, 0, -1, 0, 0], [21, 21, 0, 0, 0, 0, 0, 0, -1, 0, 0, 0, 0, -1, 0, 0, 0, 0, 0, 0], [0, 0, 0, 0, 8, 0, 0, 0, 0, 0, 0, 8, 0, 0, 1, 0, -1, 0, 0, 0], [0, 0, -1, 0, 0, 0, 0, 0, 0, 8, 0, 0, 0, 0, 8, 0, 0, 0, 0, 0], [0, 0, 0, 0, 0, 0, -1, 0, 0, 0, 0, 0, 0, 0, 1, 0, 0, 0, 0, 0], [0, 0, 0, 0, 8, 0, 0, 0, 11, 11, 7, 11, 0, 0, 0, 0, -1, 0, 0, 0], [0, 0, 0, 0, 0, 0, 0, 0, 11, -1, 3, 11, 0, 8, 0, 0, 0, 0, 0, 0], [0, 1, 0, 0, 0, 0, 0, -1, 11, 6, -1, 11, 0, 0, 0, 0, 0, 0, 0, 0], [0, 8, 0, 0, 0, 0, 0, 0, 0, 8, -1, 0, 0, 0, 0, 0, -1, -1, 0, 0], [0, 1, 0, 0, -1, 0, 0, 0, 0, 0, -1, 0, 8, 0, 0, 0, -1, 0, 0, 0], [0, 0, 0, 0, 0, 0, 0, 0, 0, 0, -1, 0, 0, 0, 0, -1, 0, 0, 0, 0], [0, 0, 1, 1, 0, 0, 0, 0, 8, 0, -1, 0, 0, 0, 0, 0, 0, 0, 0, 0], [0, 0, 7, 8, 0, 0, 0, 0, 0, -1, -1, 8, 0, 0, 0, 0, 1, 8, 8, 1], [0, -1, 1, 1, 0, 0, -1, 0, 0, 1, -1, 0, 0, 0, 0, -1, -1, 0, 0, 0], [0, 0, 6, 8, 0, 0, 0, 0, 0, 8, -1, -1, 0, 0, 0, 0, 0, 0, 0, 0], [0, 0, 1, 1, 0, 0, 0, 0, 0, 8, 0, -1, -1, -1, -1, -1, 0, -1, 0, -1], [0, 0, 0, 0, 0, 0, 0, 0, 0, 1, 0, 0, 0, 0, 0, -1, -1, -1, -1, 2]]]
			},
			{
				"name": "Floor Repair II",
				"highscore": 0,
				"currentscore": 0,
				"unlocked": true,
				"data": [[[10, 20, 20, 20, 10, 0, 10, 0, 0, 0, 10, 0, 10, 20, 10, 20, 20, 20, 20, 20], [10, 10, 20, 10, 10, 0, 10, 10, 0, 10, 10, 0, 10, 20, 10, 10, 20, 10, 20, 10], [10, 20, 20, 20, 10, 0, 10, 0, 0, 0, 10, 0, 10, 20, 10, 20, 20, 20, 20, 20], [20, 20, 20, -1, -1, -1, -1, -1, -1, -1, -1, -1, -1, -1, -1, -1, -1, 20, 20, 20], [20, 0, 20, 20, 20, 20, 20, 20, 20, 20, 20, 20, 20, 20, 20, 20, 20, 20, 0, 20], [0, 0, 20, 20, 20, 20, 20, 20, 20, 20, 20, 20, 20, 20, 20, 20, 20, 20, 0, 0], [0, 0, 0, 0, 0, 0, 0, 0, 0, 0, 0, 0, 0, 0, 0, 0, 0, 0, 0, 0], [0, 0, 0, 0, 0, 0, 0, 0, 0, 0, -1, 0, 0, 20, 0, 0, 0, 0, 0, 0], [0, 0, 0, 0, 0, 0, 0, 0, 0, 0, -1, 0, 0, 0, 0, 0, 0, -1, 0, 0], [0, 0, 0, 20, 0, 0, 0, 0, 0, -1, 9, -1, 0, 0, 0, 0, -1, 9, -1, 0], [0, 0, 0, 0, 0, 0, 0, 0, 0, 0, -1, 0, 0, 0, 0, 0, 0, -1, 0, 0], [0, 0, 0, 0, 0, 0, 0, 0, 0, 0, 0, 0, 0, 0, 0, 0, 0, -1, 0, 0], [0, 0, 0, 0, 0, 0, 0, 0, 0, 0, 0, 0, 0, 0, 0, 0, 0, 0, 0, 0], [0, 0, 0, 0, 0, 0, 0, 0, 0, 0, 0, 0, 0, 0, 0, 0, 0, 0, 0, 0], [0, 0, 0, 0, 0, 20, 0, 0, 0, 0, 0, 0, 0, 0, 0, 0, 0, 0, 0, 0], [0, 0, 0, 0, 0, 0, 0, 0, 0, 0, 0, 0, 0, 0, 0, 20, 0, 0, 0, 0], [0, -1, 0, 0, 0, 0, 0, 0, 0, 0, 0, 0, 0, 0, 0, 0, 0, 0, 0, 0], [-1, 9, -1, -1, 0, 0, 0, 0, 0, 0, 0, 0, 0, 0, 0, 0, 0, 0, -1, 0], [0, -1, 0, 0, 0, 0, 0, 0, 0, 0, 0, 0, 0, 0, 0, 0, -1, -1, 9, -1], [0, 0, 0, 0, 0, 0, 0, 0, 0, 0, 0, 0, 0, 0, 0, 0, 0, 0, -1, 0]], [[-1, 21, 21, 21, -1, 0, -1, 0, 0, 0, -1, 0, -1, 21, -1, 21, 21, 21, 21, 21], [-1, -1, -1, -1, -1, 0, -1, 2, 0, 3, -1, 0, -1, -1, -1, -1, -1, -1, 21, -1], [-1, -1, 21, 21, -1, 0, -1, 0, 0, 0, -1, -1, -1, 21, -1, 21, -1, -1, -1, 21], [21, -1, -1, -1, -1, -1, -1, -1, -1, -1, -1, -1, -1, -1, -1, -1, -1, -1, -1, 21], [21, 0, 21, 21, 21, -1, 21, 21, 21, -1, 21, 21, 21, -1, 21, 21, 21, 21, 0, 21], [0, 0, -1, -1, -1, 21, -1, -1, -1, 21, -1, -1, -1, 21, -1, -1, -1, -1, 0, 0], [0, 0, 0, 0, 0, -1, 0, 0, 0, 0, 0, 0, 0, 8, 0, 0, 0, 0, 0, 0], [0, 0, 0, 8, 0, 0, 0, 0, 0, 0, -1, -1, 8, 21, 8, 0, 0, 0, 0, 0], [0, 0, 0, 8, 0, 0, 0, 0, 0, 0, -1, 4, 0, 8, 0, 0, 0, -1, 0, 0], [0, 0, 8, 21, 8, -1, 0, 0, 0, -1, -1, -1, 0, 8, 0, 0, -1, -1, -1, 0], [0, 0, 0, 8, 0, 0, 0, 0, 0, 0, -1, 0, 0, 0, 0, 0, 0, -1, 0, 0], [0, 0, 0, 0, 0, 0, 0, 0, 0, 0, 0, 0, 0, 0, 0, 0, 0, -1, 0, 0], [0, 0, 0, 0, 0, 0, 0, 0, 0, 0, 0, 0, 0, 0, 0, 0, 0, 0, 0, 0], [0, 0, 0, 0, 0, 8, 0, -1, 0, 0, 0, 0, 0, 0, 0, 0, 0, 0, 0, 0], [0, 0, 0, 0, 8, 21, 8, 8, 0, 0, 0, 0, 0, 0, 0, 8, 0, 0, 0, 0], [-1, 0, 0, 0, 0, 8, 0, 0, 0, 0, 0, 0, 0, 8, 8, 21, 8, 0, 0, 0], [-1, -1, -1, 0, 0, 0, 0, 0, 0, 0, 0, 0, 0, 0, 0, 8, 0, -1, -1, -1], [-1, 5, -1, -1, 0, 0, 0, 0, 0, 0, 0, 0, 0, 0, 0, 0, 0, -1, -1, -1], [-1, -1, -1, -1, 0, 0, 0, 0, 0, 0, 0, 0, 0, 0, 0, -1, -1, -1, -1, -1], [-1, -1, -1, -1, 0, 0, 0, 0, 0, 0, 0, 0, 0, 0, 0, -1, -1, -1, -1, -1]]]
			},
			{
				"name": "Floor Repair III",
				"highscore": 0,
				"currentscore": 0,
				"unlocked": true,
				"data": [[[20, 20, 20, -1, -1, 20, 0, 0, 0, 0, 0, 0, 0, 0, 0, 0, 0, 0, 0, 0], [10, 20, 20, 20, 10, 20, 0, 0, 0, 0, 0, 0, 0, 0, 0, 0, 10, -1, 10, 0], [10, 10, 20, 10, 10, 10, 10, 0, -1, 10, 10, 10, -1, 10, -1, 10, 10, 0, 0, 0], [10, 20, 20, 20, 10, 20, 10, 10, 10, 0, 0, -1, 0, 0, 0, 0, 10, 0, 0, 0], [20, 20, 20, -1, -1, 20, 0, 0, -1, 0, 0, 10, 0, 0, 0, 0, -1, 10, -1, 0], [10, 10, 10, -1, 20, 20, 0, 0, 10, 0, 0, 10, 0, 0, 0, 0, 0, 0, 0, 0], [0, 0, 0, -1, -1, 20, 0, 0, -1, 0, 0, -1, 0, 0, 0, 0, 0, 0, 0, 0], [0, 10, 0, 20, -1, 20, 0, 0, 10, 0, 0, 10, 0, 0, 0, 0, 0, 0, 0, 0], [0, 0, 0, -1, -1, 20, 0, 0, -1, 0, 0, -1, 0, 0, 0, 0, 0, 0, 0, 0], [20, 10, 20, -1, 20, 20, 0, 0, 10, 0, 0, 10, 0, 0, 0, 0, 0, 0, 0, 0], [10, 10, 10, -1, -1, 20, 0, 0, -1, 10, 10, 10, 0, 0, 0, 0, 0, 0, 0, 0], [20, 20, 20, 20, -1, 20, 0, 0, 10, 0, 0, -1, 10, 10, -1, 0, 0, 0, 0, 0], [10, 10, 10, -1, -1, 20, 0, 0, 10, 10, 0, 0, 0, 0, 10, 0, 0, 0, 0, 0], [20, 10, 20, -1, 20, 20, 0, 0, 0, 10, 0, 0, 0, 0, 10, 0, 0, 0, 0, 0], [20, 20, 20, -1, -1, 20, 0, 0, 0, 10, 0, 0, 0, 0, 10, 0, 0, 0, 0, 0], [20, 10, 20, 20, -1, 20, 0, 0, 10, -1, 10, 10, 0, 0, 10, 0, 10, 10, 10, 0], [20, 20, 20, -1, -1, 20, 0, 0, 10, 0, 0, 10, 0, 0, 10, -1, 10, 0, 0, 0], [20, 10, 20, 20, 10, 20, 0, 0, 10, 0, 0, -1, 0, 0, 0, 0, 10, 0, 0, 0], [10, 20, 10, 20, 10, 20, 0, 0, 0, 0, 0, 0, 0, 0, 0, 0, 10, 10, -1, 0], [20, 10, 20, 20, 10, 20, 0, 0, 0, 0, 0, 0, 0, 0, 0, 0, 0, 0, 0, 0]], [[21, 21, 21, -1, -1, 21, 0, 0, 0, 0, 0, 0, 0, 0, 0, 0, 0, 0, 0, 0], [-1, 21, 21, 21, -1, 21, 0, 0, 0, 0, 0, 8, 0, 0, 0, 0, -1, -1, -1, 0], [-1, -1, -1, -1, -1, -1, -1, 8, -1, -1, -1, -1, -1, -1, -1, -1, -1, 0, 0, 0], [-1, -1, 21, 21, -1, -1, -1, -1, -1, 0, 0, -1, 0, 0, 0, 0, -1, 0, 0, 0], [21, -1, 21, -1, -1, 21, 0, 0, -1, 8, 0, -1, 0, 0, 0, 0, -1, -1, -1, 0], [-1, -1, -1, -1, 21, -1, 0, 0, -1, 0, 0, -1, 0, 0, 0, 0, 0, 0, 0, 0], [-1, -1, -1, -1, -1, 21, 0, 8, -1, 0, 0, -1, 8, 0, 8, 0, 8, 8, 8, 0], [-1, 2, -1, 21, -1, 21, 0, 0, -1, 0, 0, 8, -1, 0, -1, 0, -1, -1, -1, 4], [-1, -1, -1, -1, -1, 21, 0, 0, -1, 8, 0, -1, 0, 0, 0, -1, 0, 0, 0, 0], [21, 3, 21, -1, 21, -1, 0, 0, -1, 8, 0, 8, 0, 0, -1, -1, 0, 0, -1, 5], [-1, -1, -1, -1, -1, 21, 0, 8, -1, -1, -1, -1, 0, 0, 8, 8, 0, 0, 8, 0], [21, -1, 21, 21, -1, 21, 0, 0, -1, 0, -1, -1, -1, -1, -1, 0, 0, 0, 0, 0], [-1, -1, -1, -1, -1, 21, 0, 0, -1, -1, 0, 8, 0, 0, -1, -1, 0, 0, 0, 0], [21, -1, 21, -1, 21, -1, 0, 0, 0, -1, 0, 0, 0, 0, -1, -1, 0, 0, 0, 0], [21, -1, 21, -1, -1, 21, 0, 0, 0, -1, 0, 8, 0, 0, -1, -1, 0, 0, 0, 0], [21, -1, 21, 21, -1, 21, 0, 0, -1, -1, -1, -1, -1, 0, -1, -1, -1, -1, -1, 0], [21, -1, 21, -1, -1, 21, 0, 0, -1, 0, 0, -1, -1, 0, -1, -1, -1, 0, 0, 0], [21, -1, 21, 21, -1, 21, 0, 0, -1, 0, 0, -1, -1, 0, 0, -1, -1, 0, 0, 0], [-1, -1, -1, -1, -1, -1, 0, 0, 0, 0, 0, 0, 0, 0, 0, -1, -1, -1, -1, 0], [21, -1, 21, 21, -1, 21, 0, 0, 0, 0, 0, 0, 0, 0, 0, 0, 0, 0, 0, 0]]]
			},
			{
				"name": "Floor Repair IV",
				"highscore": 0,
				"currentscore": 0,
				"unlocked": true,
				"data": [[[0, 0, 0, 10, 0, 10, 0, 10, 0, 0, 0, 0, 0, 10, 0, 10, 0, 0, 0, 10], [10, -1, 10, 10, -1, 10, -1, 10, 10, -1, 10, -1, 10, 10, -1, 10, 10, -1, 10, 10], [0, 0, 0, 10, 0, 10, 0, 10, 0, 0, 0, 0, 0, 10, 0, 10, 0, 0, 0, 10], [0, 0, 0, -1, -1, -1, -1, -1, -1, -1, -1, -1, -1, -1, -1, -1, -1, -1, -1, 10], [10, 0, 10, 0, 0, 0, 0, 10, 0, 0, 0, 10, 0, 10, 0, 10, 0, 0, 0, 10], [10, 9, 10, 10, -1, 10, -1, 10, 10, -1, 10, 10, -1, 10, -1, 10, 10, -1, 10, 10], [10, 0, 10, 0, 0, 0, 0, 10, 0, 0, 0, 10, 0, 10, 0, 10, 0, 0, 0, 10], [20, 20, 20, -1, -1, -1, -1, -1, -1, -1, -1, -1, -1, -1, -1, -1, -1, -1, -1, 10], [10, 0, 10, 20, 20, 20, 20, 20, 20, 20, 20, 20, 20, 20, 20, 20, 20, 20, 20, 10], [20, 10, 20, 20, 20, 20, 20, 20, 20, 20, 20, 20, 20, 20, 20, 20, 20, 20, 20, 10], [10, 0, 10, 20, 20, 20, 20, 20, 20, 20, 20, 20, 20, 20, 20, 20, 20, 20, 20, 10], [20, 10, 20, 20, 20, 20, 20, 20, 20, 20, 20, 20, 20, 20, 20, 20, 20, 20, 20, 10], [20, 20, 20, -1, -1, -1, -1, -1, -1, -1, -1, -1, -1, -1, -1, -1, -1, -1, -1, 10], [0, 10, 0, 10, 0, 0, 0, 0, 10, 0, 10, 0, 0, 10, 0, 10, 0, 0, 0, 10], [10, 10, -1, 10, -1, 10, -1, 10, 10, -1, 10, 10, -1, 10, -1, 10, 10, -1, 10, 10], [0, 10, 0, 10, 0, 0, 0, 0, 10, 0, 10, 0, 0, 10, 0, 10, 0, 0, 0, 10], [0, 0, 0, -1, -1, -1, -1, -1, -1, -1, -1, -1, -1, -1, -1, -1, -1, -1, -1, 10], [10, 0, 0, 0, 10, 0, 0, 0, 10, 0, 0, 10, 0, 0, 0, 10, 0, 0, 0, 10], [10, 10, -1, 10, 10, -1, 10, -1, 10, 10, -1, 10, -1, 10, -1, 10, 10, -1, 10, 10], [10, 0, 0, 0, 10, 0, 0, 0, 10, 0, 0, 10, 0, 0, 0, 10, 0, 0, 0, 10]], [[0, 0, 0, -1, 0, -1, 0, -1, 0, 0, 0, 0, 0, -1, 0, -1, 0, 0, 0, -1], [-1, -1, 8, -1, -1, 8, -1, 8, -1, -1, 8, -1, -1, 8, -1, -1, 8, -1, 8, 4], [0, 0, 0, -1, 0, -1, 0, -1, 0, 0, 0, 0, 0, -1, 0, -1, 0, 0, 0, -1], [0, 0, 0, -1, -1, -1, -1, -1, -1, -1, -1, -1, -1, -1, -1, -1, -1, -1, -1, -1], [-1, 0, -1, 0, 0, 0, -1, -1, 0, 0, 0, -1, 0, -1, 0, -1, 0, 0, 0, -1], [-1, -1, -1, 8, -1, 8, -1, -1, 8, -1, -1, 8, -1, 8, -1, -1, 8, -1, -1, -1], [-1, 0, -1, -1, -1, -1, -1, -1, 0, 0, -1, -1, -1, -1, -1, -1, -1, -1, -1, -1], [-1, -1, -1, -1, -1, -1, -1, -1, -1, -1, -1, -1, -1, -1, -1, -1, -1, -1, -1, -1], [-1, 3, -1, -1, -1, -1, 21, -1, -1, -1, 21, -1, -1, -1, 21, -1, -1, -1, 21, -1], [-1, 0, -1, -1, 21, -1, -1, -1, 21, -1, -1, -1, 21, -1, -1, -1, 21, -1, -1, -1], [-1, 2, -1, -1, -1, -1, 21, -1, -1, -1, 21, -1, -1, -1, 21, -1, -1, -1, 21, -1], [-1, -1, -1, -1, 21, -1, -1, -1, 21, -1, -1, -1, 21, -1, -1, -1, 21, -1, -1, -1], [-1, -1, -1, -1, -1, -1, -1, -1, -1, -1, -1, -1, -1, -1, -1, -1, -1, -1, -1, -1], [0, -1, 0, -1, 0, 0, 0, 0, -1, 0, -1, 0, 0, -1, 0, -1, -1, 0, 0, -1], [-1, -1, -1, 8, -1, 8, -1, -1, 8, -1, -1, 8, -1, 8, -1, 8, -1, -1, 8, -1], [0, -1, 0, -1, 0, 0, 0, 0, -1, 0, -1, -1, -1, -1, -1, -1, -1, -1, -1, -1], [0, 0, 0, -1, -1, -1, -1, -1, -1, -1, -1, -1, -1, -1, -1, -1, -1, -1, -1, -1], [-1, -1, 0, 0, -1, 0, 0, 0, -1, 0, 0, -1, 0, 0, 0, -1, 0, 0, 0, -1], [5, 8, -1, -1, 8, -1, 8, -1, 8, -1, -1, 8, -1, 8, -1, -1, 8, -1, -1, -1], [-1, -1, 0, 0, -1, 0, 0, 0, -1, 0, 0, -1, 0, 0, 0, -1, 0, 0, 0, -1]]]
			},
			{
				"name": "Floor Repair V",
				"highscore": 0,
				"currentscore": 0,
				"unlocked": true,
				"data": [[[10, 10, 10, 20, 10, 0, 0, 10, 0, 10, 0, 0, 0, 10, 0, 10, 0, 20, 10, 20], [10, 0, 10, 0, 10, 0, 10, 10, 0, 10, 10, 0, 10, 10, 0, 10, 0, 10, 0, 10], [10, 10, 10, 0, 10, 0, 0, 10, 0, 10, 0, 0, 0, 10, 0, 10, 0, 20, 10, 20], [20, 0, 0, 0, 0, 0, 0, 0, 0, 0, 0, 0, 0, 0, 0, 0, 0, 0, 0, 0], [10, 10, 10, 0, 0, 0, 0, 0, 0, -1, -1, -1, -1, -1, 0, 0, 0, 10, 10, 10], [20, 0, 20, 0, 0, -1, -1, -1, -1, -1, 0, 0, 0, 0, -1, 0, 0, 0, 10, 0], [10, 10, 10, 0, 0, -1, 0, -1, -1, 0, 0, -1, -1, 0, -1, -1, 0, 0, 0, 0], [0, 10, 0, 0, 0, -1, -1, -1, 0, -1, 0, -1, 0, 0, 0, -1, -1, 0, 10, 0], [0, 0, 0, 0, -1, -1, 0, 0, -1, -1, 0, 0, -1, -1, 0, -1, -1, 0, 0, 0], [0, 10, 0, 0, 0, -1, -1, -1, 0, -1, 0, 0, 0, -1, 0, 0, 0, -1, 10, 0], [10, 10, 10, 0, 0, -1, 0, 0, -1, -1, -1, 0, -1, -1, -1, 0, 0, 10, 10, 10], [20, 0, 20, 0, 0, -1, -1, -1, 0, -1, 0, 0, -1, 0, -1, 0, -1, -1, 0, 0], [0, 10, 0, 0, 0, 0, 0, -1, -1, 0, -1, -1, 0, 0, -1, 0, -1, 10, 10, 10], [10, 10, 10, 0, 0, 0, -1, 0, -1, -1, -1, -1, -1, -1, -1, 0, -1, 0, 10, 0], [0, 0, 0, 0, 0, -1, 0, 0, 0, -1, -1, 0, -1, -1, 0, 0, -1, 0, 0, 0], [10, 10, 10, 0, 0, 0, 0, 0, 0, 0, 0, 0, 0, 0, -1, -1, 0, 10, 10, 10], [0, 0, 0, 0, 0, 0, 0, 0, 0, 0, 0, 0, 0, 0, 0, 0, 0, 0, 0, 0], [20, 10, 20, 0, 10, 0, 10, 0, 0, 10, 0, 10, 0, 0, 0, 10, 0, 20, 10, 20], [10, 0, 10, 0, 10, 0, 10, 10, 0, 10, 0, 10, 10, 0, 10, 10, 0, 10, 0, 10], [20, 10, 20, 0, 10, 0, 10, 0, 0, 10, 0, 10, 0, 0, 0, 10, 0, 20, 10, 20]], [[-1, -1, -1, 21, -1, 0, 0, -1, 0, -1, -1, 0, 0, -1, 0, -1, 0, 21, -1, 21], [-1, 4, -1, 0, 8, 0, 8, 8, 0, 8, 8, -1, 8, 8, 0, 8, 0, -1, 0, -1], [-1, -1, -1, 0, -1, 0, 0, -1, 0, -1, -1, -1, -1, -1, 0, -1, 0, 21, -1, 21], [21, 0, 0, 0, 8, 8, 8, 8, 8, 8, 8, 8, 8, 8, 8, 8, 8, 8, 0, 0], [-1, -1, -1, 8, 0, 0, 0, 0, 0, -1, -1, -1, -1, -1, 0, 0, 0, -1, -1, -1], [21, 3, 21, 8, 0, -1, -1, -1, -1, -1, -1, -1, -1, 0, -1, 0, 0, 0, -1, 0], [-1, -1, -1, 8, 0, -1, 0, -1, -1, 0, -1, -1, -1, 0, -1, -1, 0, 0, 8, 0], [0, 8, -1, 8, -1, -1, -1, -1, 8, -1, 8, -1, 8, 0, 0, -1, -1, 0, -1, 0], [0, 0, -1, 8, -1, -1, 8, 0, -1, -1, 0, 0, -1, -1, 0, -1, -1, 0, 8, 0], [0, 8, -1, 8, 0, -1, -1, -1, 8, -1, 8, 0, 8, -1, 8, 0, 0, -1, -1, 0], [-1, -1, -1, 8, 0, -1, -1, 0, -1, -1, -1, -1, -1, -1, -1, 0, 0, -1, -1, -1], [21, 2, 21, 8, 0, -1, -1, -1, 8, -1, 8, 0, -1, 8, -1, 0, -1, -1, 8, 0], [0, -1, 0, 8, 0, 0, 0, -1, -1, 0, -1, -1, 0, 0, -1, 0, -1, -1, -1, -1], [-1, 8, -1, 8, 0, 0, -1, 0, -1, -1, -1, -1, -1, -1, -1, 0, -1, 0, -1, 0], [0, 0, 0, 8, 0, -1, 0, 0, 0, -1, -1, 0, -1, -1, 0, 0, -1, -1, -1, -1], [-1, 8, -1, 8, 0, 0, 0, 0, 0, 0, 0, 0, 0, 0, -1, -1, 0, -1, -1, -1], [0, 0, 0, 0, 8, 8, 8, 8, 8, 8, 8, 8, 8, 8, 8, 8, 8, 8, 0, 0], [21, -1, 21, 0, -1, -1, -1, -1, 0, -1, 0, -1, 0, 0, -1, -1, -1, 21, -1, 21], [-1, 5, -1, 0, 8, -1, 8, 8, -1, 8, 0, 8, 8, 0, 8, 8, 8, -1, -1, -1], [21, -1, 21, 0, -1, -1, -1, 0, 0, -1, -1, -1, 0, 0, 0, -1, -1, 21, -1, 21]]]
			},
			{
				"name": "Floor Repair VI",
				"highscore": 0,
				"currentscore": 0,
				"unlocked": true,
				"data": [[[-1, -1, -1, 0, 0, 0, -1, -1, 0, 0, 0, 0, 0, -1, -1, 0, 0, 0, -1, -1], [0, 0, 0, 0, -1, 0, 0, 0, 0, 10, 0, 10, 0, 0, 0, 0, -1, 0, 0, 0], [10, 0, 10, 0, 0, 0, 10, 0, 10, 10, 10, 10, 10, 0, 10, 0, 0, 0, 10, 0], [10, 0, 10, 10, 0, 10, 10, 0, 0, 0, 0, 0, 0, 0, 10, 10, 0, 10, 10, 0], [10, 0, 10, 0, 0, 0, 10, 0, 10, 10, 10, 10, 10, 0, 10, 0, 0, 0, 10, 0], [0, 0, 0, 0, -1, 0, 0, 0, 0, 10, 0, 10, 0, 0, 0, 0, -1, 0, 0, 0], [-1, 0, 0, 0, 0, 0, 0, -1, 0, 0, 0, 0, 0, -1, 0, 0, 0, 0, 0, -1], [-1, 0, 0, 10, 0, 10, 0, 0, 0, 10, 0, 10, 0, 0, 0, 10, 0, 10, 0, 0], [0, 0, 10, 10, 0, 10, 10, 0, 10, 10, 10, 10, 10, 0, 10, 10, 0, 10, 10, 0], [-1, 0, 0, 10, 0, 10, 0, 0, 0, 10, 0, 10, 0, 0, 0, 10, 0, 10, 0, 0], [0, 0, 10, 10, 0, 10, 10, 0, 10, 10, 10, 10, 10, 0, 10, 10, 0, 10, 10, 0], [-1, 0, 0, 10, 0, 10, 0, 0, 0, 10, 0, 10, 0, 0, 0, 10, 0, 10, 0, 0], [-1, 0, 0, 0, 0, 0, 0, -1, 0, 0, 0, 0, 0, -1, 0, 0, 0, 0, 0, -1], [-1, 0, 0, 0, 0, 0, 0, 0, 0, 10, 0, 10, 0, 0, 0, 0, 0, 0, 0, -1], [0, 0, 0, 10, 0, 10, 0, 0, 10, 10, 10, 10, 10, 0, 0, 10, 0, 10, 0, 0], [10, 0, 10, 10, 0, 10, 10, 0, 0, 0, 0, 0, 0, 0, 10, 10, 0, 10, 0, 10], [0, 0, 0, 10, 0, 10, 0, 0, 10, 10, 10, 10, 10, 0, 0, 10, 0, 10, 0, 0], [0, 0, 0, 0, 0, 0, 0, 0, 0, 10, 0, 10, 0, 0, 0, 0, 0, 0, 0, -1], [0, 0, -1, 0, 0, 0, 0, -1, 0, 0, 0, 0, 0, -1, 0, 0, 0, -1, 0, 0], [-1, 0, 0, 0, 0, -1, 0, 0, 0, 0, 0, -1, 0, 0, 0, -1, 0, 0, 0, -1]], [[-1, -1, -1, 0, 0, 0, -1, -1, 0, 0, 0, 0, 0, -1, -1, 0, 0, 0, -1, -1], [0, 0, 0, 0, -1, 0, 0, 0, 0, 8, 0, 8, 0, 0, 0, 0, -1, 0, 0, 0], [-1, 0, 8, 0, 0, 0, 8, 0, -1, -1, -1, -1, -1, 0, 8, 0, 0, 0, -1, 0], [8, 0, -1, -1, 0, 8, -1, 0, 0, 0, 0, 0, 0, 0, -1, -1, 4, -1, 8, 0], [-1, 0, -1, 0, 0, 0, -1, 0, -1, -1, -1, -1, -1, 0, 8, 0, 0, 0, -1, 0], [0, 0, 0, 0, -1, 0, 0, 0, 0, 8, -1, 8, 0, 0, 0, 0, -1, 0, 0, 0], [-1, 0, 0, 0, 0, 0, 0, -1, 0, 0, 0, 0, 0, -1, 0, 0, 0, 0, 0, -1], [-1, 0, 0, 8, 0, 8, 0, 0, 0, -1, 0, -1, 0, 0, 0, -1, 0, 8, 0, 0], [0, 0, -1, -1, 0, -1, -1, 0, -1, 8, -1, 8, -1, 0, -1, -1, 0, -1, 8, 0], [-1, 0, 0, 8, 0, -1, 2, 0, 0, -1, 3, -1, 0, 0, 0, -1, 0, -1, -1, 0], [0, 0, -1, -1, 0, -1, -1, 0, -1, 8, -1, 8, -1, 0, 8, -1, 0, -1, 8, 0], [-1, 0, 0, -1, 0, 8, 0, 0, 0, -1, 0, -1, 0, 0, 0, -1, 0, 8, 0, 0], [-1, 0, 0, 0, 0, 0, 0, -1, 0, 0, 0, 0, 0, -1, 0, 0, 0, 0, 0, -1], [-1, 0, 0, 0, 0, 0, 0, 0, 0, 8, 0, -1, 0, 0, 0, 0, 0, 0, 0, -1], [0, 0, 0, -1, 0, -1, 0, 0, -1, -1, -1, -1, -1, 0, 0, 8, 0, 8, 0, 0], [8, 5, -1, -1, 0, -1, -1, 0, 0, 0, 0, 0, 0, 0, -1, -1, 0, -1, 0, 8], [0, 0, 0, 8, -1, 8, 0, 0, -1, -1, -1, -1, 8, 0, 0, 8, 0, 8, 0, 0], [0, 0, 0, 0, 0, 0, 0, 0, 0, 8, 0, 8, 0, 0, 0, 0, 0, 0, 0, -1], [0, 0, -1, 0, 0, 0, 0, -1, 0, 0, 0, 0, 0, -1, 0, 0, 0, -1, 0, 0], [-1, 0, 0, 0, 0, -1, 0, 0, 0, 0, 0, -1, 0, 0, 0, -1, 0, 0, 0, -1]]]
			},
			{
				"name": "Floor Repair VII",
				"highscore": 0,
				"currentscore": 0,
				"unlocked": true,
				"data": [[[10, 0, 10, 0, 10, 0, 0, 10, 0, 10, 0, 0, 0, 10, 0, 10, 0, 10, 0, 10], [0, 0, 0, 0, 10, 10, 0, 10, 0, 10, 10, 0, 10, 10, 0, 10, 0, 0, 0, 0], [10, 0, 10, 0, 10, 0, 0, 10, 0, 10, 0, 0, 0, 10, 0, 10, 0, 10, 0, 10], [0, 0, 0, -1, 9, -1, -1, 9, -1, 9, -1, -1, -1, 9, -1, 9, -1, 0, 0, 0], [10, 10, 10, 9, 9, 9, -1, 9, -1, 9, -1, -1, -1, 9, 9, 9, 9, 10, 10, 10], [0, 0, 0, -1, 9, 10, 10, 10, 10, 10, 10, 10, 10, 10, 10, 9, -1, 0, 0, 0], [10, 10, 10, 9, 9, 10, 20, 20, 20, 20, 20, 20, 20, 20, 10, -1, -1, 0, 10, 0], [0, 10, 0, -1, -1, 10, 20, 20, 20, 20, 20, 20, 20, 20, 10, -1, -1, 0, 0, 0], [0, 0, 0, -1, -1, 10, 20, 20, 20, 20, 20, 20, 20, 20, 10, 9, 9, 10, 10, 10], [0, 10, 0, -1, -1, 10, 20, 20, 20, 20, 20, 20, 20, 20, 10, -1, -1, 0, 10, 0], [10, 10, 10, 9, 9, 10, 20, 20, 20, 20, 20, 20, 20, 20, 10, -1, -1, 0, 0, 0], [0, 0, 0, -1, -1, 10, 20, 20, 20, 20, 20, 20, 20, 20, 10, -1, -1, 0, 10, 0], [0, 10, 0, -1, -1, 10, 20, 20, 20, 20, 20, 20, 20, 20, 10, 9, 9, 10, 10, 10], [0, 0, 0, -1, -1, 10, 20, 20, 20, 20, 20, 20, 20, 20, 10, -1, -1, 0, 0, 0], [0, 10, 0, -1, 9, 10, 10, 10, 10, 10, 10, 10, 10, 10, 10, 9, 9, 10, 10, 10], [10, 10, 10, 9, 9, 9, -1, 9, -1, 9, -1, -1, -1, 9, -1, 9, -1, 0, 10, 0], [0, 0, 0, -1, 9, -1, -1, 9, -1, 9, -1, -1, -1, 9, -1, 9, -1, 0, 0, 0], [10, 0, 10, 0, 10, 0, 0, 10, 0, 10, 0, 0, 0, 10, 0, 10, 0, 10, 0, 10], [0, 0, 0, 0, 10, 0, 10, 10, 0, 10, 10, 0, 10, 10, 0, 10, 0, 0, 0, 0], [10, 0, 10, 0, 10, 0, 0, 10, 0, 10, 0, 0, 0, 10, 0, 10, 0, 10, 0, 10]], [[-1, 0, -1, 0, -1, 0, 0, -1, 0, -1, 0, 0, 0, -1, 0, -1, 0, -1, 0, -1], [0, 8, 0, 0, -1, -1, 0, -1, 0, -1, -1, 0, -1, -1, 0, -1, 0, 0, 8, 0], [-1, 0, -1, 0, -1, 0, 0, -1, 0, -1, -1, 0, 0, -1, 0, -1, 0, -1, 0, -1], [-1, 0, 0, -1, -1, -1, -1, -1, -1, -1, -1, -1, -1, -1, -1, -1, -1, 0, 0, 0], [-1, -1, -1, -1, -1, 8, -1, -1, -1, 8, -1, -1, -1, -1, -1, -1, -1, -1, -1, -1], [0, 0, 0, -1, -1, 8, 8, 8, 8, 8, 8, 8, 8, 8, 8, -1, -1, 0, 0, 0], [-1, -1, -1, -1, -1, 8, -1, -1, -1, -1, -1, -1, -1, -1, 8, -1, -1, 0, -1, 0], [-1, -1, -1, -1, -1, 8, -1, 8, 7, 8, -1, -1, 8, -1, 8, -1, -1, 0, 0, 0], [0, -1, 0, -1, -1, 8, -1, 7, 4, 7, -1, 3, 8, -1, 8, -1, -1, -1, -1, -1], [0, -1, -1, -1, -1, 8, -1, 8, 7, 8, -1, -1, 8, -1, 8, -1, -1, 0, -1, 0], [-1, -1, -1, -1, -1, 8, -1, 8, 6, 8, -1, -1, -1, -1, 8, -1, -1, 0, 0, 0], [0, 0, 0, -1, -1, 8, -1, 6, 5, 6, -1, 2, 8, -1, 8, -1, -1, 0, -1, 0], [0, -1, 0, -1, -1, 8, -1, 8, 6, 8, 8, 8, 8, -1, 8, -1, -1, -1, -1, -1], [0, 0, 0, -1, -1, 8, -1, -1, -1, -1, -1, -1, -1, -1, 8, -1, -1, 0, 0, 0], [-1, -1, 0, -1, -1, 8, 8, 8, 8, 8, 8, 8, 8, 8, 8, -1, -1, -1, -1, -1], [-1, -1, -1, -1, -1, -1, -1, -1, -1, -1, -1, -1, -1, -1, -1, -1, -1, 0, -1, 0], [0, 0, -1, -1, -1, -1, -1, -1, -1, -1, -1, -1, -1, -1, -1, -1, -1, 0, 0, 0], [-1, 0, -1, -1, -1, 0, 0, -1, 0, -1, -1, 0, 0, -1, 0, -1, 0, -1, 0, -1], [0, 8, 0, -1, -1, 0, -1, -1, 0, -1, -1, 0, -1, -1, 0, -1, 0, 0, 8, 0], [-1, 0, -1, -1, -1, 0, 0, -1, 0, -1, 0, 0, 0, -1, 0, -1, 0, -1, 0, -1]]]
			}
		]
	},

	{
		"name": "Dark Souls",
		"maps": [
			{
				"name": "Unded Burg",
				"highscore": 0,
				"currentscore": 0,
				"unlocked": true,
				"data": [[[-1, -1, -1, -1, -1, -1, -1, -1, -1, -1, -1, -1, -1, -1, -1, -1, -1, -1, -1, -1], [-1, -1, -1, -1, -1, -1, -1, -1, -1, -1, -1, -1, -1, -1, -1, -1, -1, -1, -1, -1], [-1, -1, -1, -1, -1, -1, -1, -1, -1, -1, -1, -1, -1, -1, -1, -1, -1, -1, -1, -1], [-1, -1, -1, -1, -1, -1, -1, -1, -1, -1, -1, -1, -1, -1, -1, -1, -1, -1, -1, -1], [-1, -1, -1, -1, -1, -1, -1, -1, -1, -1, -1, -1, -1, -1, -1, -1, -1, -1, -1, -1], [-1, -1, -1, -1, -1, -1, -1, -1, -1, -1, -1, 0, 0, 0, 0, 30, -1, -1, -1, -1], [-1, -1, -1, -1, -1, -1, -1, -1, -1, 30, 30, 30, 30, 30, 30, 30, -1, -1, -1, -1], [-1, -1, -1, -1, -1, -1, -1, -1, -1, 30, 30, 30, 30, 30, 30, 30, 30, 30, -1, -1], [-1, -1, -1, -1, -1, -1, -1, -1, -1, 30, 30, 30, 30, 30, 30, 30, 30, 30, -1, -1], [-1, -1, -1, -1, -1, -1, -1, -1, -1, 30, 30, -1, -1, 30, 30, 30, 30, 30, -1, -1], [-1, -1, -1, -1, -1, -1, -1, -1, -1, 30, 30, 30, 30, 30, 30, 30, 30, 30, -1, -1], [-1, -1, -1, -1, -1, -1, -1, -1, -1, 30, 30, 30, 30, 30, 30, -1, 30, 30, -1, -1], [-1, -1, -1, -1, -1, -1, -1, -1, -1, -1, 30, 30, 30, 30, 30, 30, 30, 30, -1, -1], [-1, -1, -1, -1, -1, -1, -1, -1, -1, 30, 30, 30, -1, -1, 30, 30, 30, 30, -1, -1], [-1, -1, -1, -1, -1, -1, -1, -1, -1, -1, 30, 30, 30, -1, 30, 30, 30, 30, -1, -1], [-1, -1, -1, -1, -1, -1, -1, -1, -1, -1, 30, 30, 30, 30, 30, 30, -1, -1, -1, -1], [-1, -1, -1, -1, -1, -1, -1, -1, -1, -1, 30, 30, 30, 30, 30, 30, 30, -1, -1, -1], [-1, -1, -1, -1, -1, -1, -1, -1, -1, -1, 30, 30, 30, 30, 30, 30, 30, -1, -1, -1], [-1, -1, -1, -1, -1, -1, -1, -1, -1, -1, 30, 30, 30, 30, 30, 30, 30, -1, -1, -1], [-1, -1, -1, -1, -1, -1, -1, -1, -1, -1, 30, 30, 30, 30, 30, 30, -1, -1, -1, -1]], [[-1, -1, -1, -1, -1, -1, -1, -1, -1, -1, -1, -1, -1, -1, -1, -1, -1, -1, -1, -1], [-1, -1, -1, -1, -1, -1, -1, -1, -1, -1, -1, -1, -1, -1, -1, -1, -1, -1, -1, -1], [-1, -1, -1, -1, -1, -1, -1, -1, -1, -1, -1, -1, -1, -1, -1, -1, -1, -1, -1, -1], [-1, -1, -1, -1, -1, -1, -1, -1, -1, -1, -1, -1, -1, -1, -1, -1, -1, -1, -1, -1], [-1, -1, -1, -1, -1, -1, -1, -1, -1, -1, -1, -1, -1, -1, -1, -1, -1, -1, -1, -1], [-1, -1, -1, -1, -1, -1, -1, -1, -1, -1, -1, 31, 31, 31, 31, 31, -1, -1, -1, -1], [-1, -1, -1, -1, -1, -1, -1, -1, -1, -1, -1, 6, -1, -1, -1, 31, -1, -1, -1, -1], [-1, -1, -1, -1, -1, -1, -1, -1, -1, -1, 31, 31, 31, 13, 31, 31, 31, 31, -1, -1], [-1, -1, -1, -1, -1, -1, -1, -1, -1, -1, 31, 4, -1, -1, -1, -1, -1, 31, -1, -1], [-1, -1, -1, -1, -1, -1, -1, -1, -1, -1, 31, -1, -1, -1, -1, 31, 7, 31, -1, -1], [-1, -1, -1, -1, -1, -1, -1, -1, -1, -1, 31, -1, -1, -1, -1, 31, -1, -1, -1, -1], [-1, -1, -1, -1, -1, -1, -1, -1, -1, -1, 31, 31, 18, 18, -1, -1, -1, 31, -1, -1], [-1, -1, -1, -1, -1, -1, -1, -1, -1, -1, -1, -1, -1, -1, 31, -1, -1, -1, -1, -1], [-1, -1, -1, -1, -1, -1, -1, -1, -1, 31, -1, 31, -1, -1, 31, 0, -1, -1, -1, -1], [-1, -1, -1, -1, -1, -1, -1, -1, -1, -1, -1, 7, 18, -1, -1, -1, -1, 31, -1, -1], [-1, -1, -1, -1, -1, -1, -1, -1, -1, -1, -1, 31, 7, -1, -1, -1, -1, -1, -1, -1], [-1, -1, -1, -1, -1, -1, -1, -1, -1, -1, -1, 31, 31, -1, -1, -1, 31, -1, -1, -1], [-1, -1, -1, -1, -1, -1, -1, -1, -1, -1, -1, -1, 31, 5, -1, -1, 31, -1, -1, -1], [-1, -1, -1, -1, -1, -1, -1, -1, -1, -1, -1, 18, -1, -1, 12, -1, 31, -1, -1, -1], [-1, -1, -1, -1, -1, -1, -1, -1, -1, -1, 31, -1, 31, -1, -1, -1, -1, -1, -1, -1]]]
			}
		]
	},
	
	{
		"name": "Custom",
		"maps": []
	}
]
